donation_id,date,filer_id
INC342,2018-12-12,1407918
INC405,2018-12-27,1407918
INC113,2018-10-01,1407918
INC110,2018-09-28,1407918
INC359,2018-12-18,1407918
DCyZqt7K5Rae,2018-11-30,1408942
t8kLAjlhHZgY,2018-12-30,1408942
7kSCmPchykMf,2018-09-06,1408942
CJ7olAmsBprX,2018-12-31,1408942
WE3x37iMJnEk,2018-12-10,1408942
MJzTbc2Jyco9,2018-10-10,1408942
qpw8uk1TIe47,2018-12-31,1408942
INC406,2018-12-27,1407918
N8crUFhbtfMX,2018-12-31,1408942
kxQFecxvCtn7,2018-09-14,1408942
OFWfHsJP6bWg,2018-09-07,1408942
HLtb53Wmgdbn,2018-08-25,1408942
bugazMMZnmfE,2018-12-28,1408942
INC353,2018-12-06,1407918
Hk6qx2DjhlmH,2018-12-30,1408942
gCp8FnTUFm8b,2018-12-29,1408942
INC266,2018-11-16,1407918
INC214,2018-11-13,1407918
INC48,2018-09-11,1407918
INC80,2018-09-28,1407918
pM6BuJDH5U8P,2018-11-11,1408942
INC9,2018-08-22,1407918
INC264,2018-11-16,1407918
Abx5JglYgzhk,2018-10-22,1408942
26AkxQOs4mhH,2018-09-05,1408942
INC275,2018-11-28,1407918
R4Eeq44sRxhV,2018-10-04,1408942
gBxkvOEvIRHw,2018-12-21,1408942
INC91,2018-10-03,1407918
jwtsqUokewkW,2018-10-21,1408942
xIEfonMeBUm1,2018-08-23,1408942
INC373,2018-12-20,1407918
INC316,2018-11-30,1407918
INC114,2018-10-01,1407918
xhPLjlZgI91x,2018-12-26,1408942
INC415,2018-12-28,1407918
dwAY3nZuqIai,2018-09-04,1408942
8N7FF7isc2eR,2018-09-07,1408942
f4EdPl5HYTmk,2018-12-30,1408942
EtFScVJmDVMm,2018-12-30,1408942
ZAHIwezxF2hR,2018-11-26,1408942
XUhyhySXIRyn,2018-12-12,1408942
INC363,2018-12-20,1407918
INC403,2018-12-27,1407918
INC93,2018-10-04,1407918
INC65,2018-09-24,1407918
INC430,2018-12-28,1407918
ViZKGvJjqK7N,2018-12-31,1408942
inm88tic29qw,2018-12-23,1408942
INC103,2018-10-06,1407918
INC169,2018-10-24,1407918
CpGZ26rXBdno,2018-11-07,1408942
INC376,2018-12-20,1407918
LlTci3arwaay,2018-08-30,1408942
INC96,2018-10-04,1407918
INC75,2018-09-27,1407918
NK89gXExjV1M,2018-12-24,1408942
dQBJj1AyMG2J,2018-09-25,1408942
INC361,2018-12-19,1407918
lAtuYQpfGfa9,2018-12-23,1408942
ev4oyCspOugm,2018-12-27,1408942
UlrZdrVwQ83t,2018-11-28,1408942
cBr4jK1mEplp,2018-12-27,1408942
INC330,2018-12-07,1407918
INC43,2018-09-05,1407918
INC450,2018-12-12,1407918
YogfYatUv875,2018-12-30,1408942
SpfY82VXNODS,2018-09-26,1408942
INC448,2018-12-19,1407918
fHjw52rGgo2I,2018-09-24,1408942
INC325,2018-12-04,1407918
INC203,2018-11-09,1407918
jwWzyXbjVV8m,2018-12-20,1408942
INC274,2018-11-28,1407918
QLtlmVqxlk7i,2018-12-31,1408942
INC2,2018-08-13,1407918
INC409,2018-12-27,1407918
Yj5crjwcffEj,2018-09-27,1408942
cAgVoHLkjAYl,2018-12-27,1408942
INC322,2018-12-03,1407918
ERxcpEHkNVLe,2018-12-21,1408942
INC412,2018-12-27,1407918
t8nUTupbhiHW,2018-12-27,1408942
ofSgSo4oErpE,2018-12-17,1408942
INC74,2018-09-27,1407918
INC366,2018-12-13,1407918
7Y64hsGAGAUv,2018-10-03,1408942
INC358,2018-12-18,1407918
INC117,2018-10-01,1407918
INC23,2018-08-27,1407918
rc1cLeRJZSV6,2018-12-31,1408942
bVuRcVMCZl52,2018-12-26,1408942
INC42,2018-09-05,1407918
hjeplSACRzUi,2018-12-15,1408942
TeTVeKnUkHfM,2018-08-24,1408942
INC102,2018-10-05,1407918
INC14,2018-08-22,1407918
jjwErM21FtDi,2018-12-05,1408942
INC394,2018-12-12,1407918
qkphCImkXq1P,2018-10-03,1408942
jZhPiQ8gvxZw,2018-12-27,1408942
Z24mdWtD1cEg,2018-09-12,1408942
INC390,2018-12-07,1407918
ByFW9ZgYd8XJ,2018-10-24,1408942
INC400,2018-11-29,1407918
SeFlWvVLCSF6,2018-12-31,1408942
sMr5mqxl3Ckx,2018-12-31,1408942
INC1,2018-08-09,1407918
MdiQ6zi8HD7L,2018-09-28,1408942
nfithK437pKU,2018-08-17,1408942
meTpcpDTNRzy,2018-10-29,1408942
INC13,2018-08-22,1407918
t3smjpbyNzWt,2018-10-02,1408942
INC97,2018-10-04,1407918
INC425,2018-12-11,1407918
7JdmFG9rCUDy,2018-08-23,1408942
yDbcTEjS31eG,2018-12-31,1408942
IJhjBZG9KAwi,2018-12-12,1408942
5ya9pKwzUEFN,2018-12-20,1408942
INC278,2018-11-28,1407918
ESAZW385OW5J,2018-10-17,1408942
INC352,2018-12-06,1407918
uVgq6a8NBjh1,2018-12-29,1408942
Ylpd1wBWtGfo,2018-12-29,1408942
ihQwWFN5nDqb,2018-10-26,1408942
w7pZR8p1lTe1,2018-12-27,1408942
INC112,2018-10-01,1407918
INC12,2018-08-22,1407918
NlRdUhGSXz5E,2018-11-27,1408942
ZfQj7aLgpH2v,2018-10-14,1408942
pcESb1P4Tj6Q,2018-09-08,1408942
E7foNtfKhIiu,2018-12-09,1408942
INC309,2018-11-30,1407918
o4K1SsOOqnCY,2018-09-09,1408942
NWhAMSuYyj2B,2018-12-09,1408942
gfvSHdwJnOhP,2018-10-03,1408942
RCWR8XiKGfOB,2018-12-29,1408942
EEeGC5FUtdMz,2018-12-27,1408942
QEdGV2IaSG3a,2018-10-19,1408942
INC224,2018-11-14,1407918
BnD26j3sGkV7,2018-11-16,1408942
INC187,2018-11-01,1407918
INC426,2018-12-14,1407918
INC407,2018-12-27,1407918
INC197,2018-11-06,1407918
INC172,2018-10-25,1407918
INC301,2018-11-30,1407918
qGyYhIOni1yr,2018-12-08,1408942
INC179,2018-10-22,1407918
INC254,2018-11-16,1407918
INC222,2018-11-13,1407918
INC370,2018-12-13,1407918
INC328,2018-12-06,1407918
INC20,2018-08-24,1407918
INC200,2018-11-09,1407918
umG7wmTLUloW,2018-08-30,1408942
Ol76I5NSN3NX,2018-12-31,1408942
9GSdj69xOeek,2018-10-17,1408942
znhdAWRfkDjq,2018-12-27,1408942
INC491,2018-12-27,1407918
INC444,2018-12-23,1407918
wygYukEcI57q,2018-10-02,1408942
INC304,2018-11-30,1407918
INC303,2018-11-30,1407918
INC420,2018-12-18,1407918
INC282,2018-11-30,1407918
INC449,2018-12-19,1407918
INC443,2018-12-07,1407918
ckQz6uCbVVda,2018-09-17,1408942
INC188,2018-11-02,1407918
INC225,2018-11-14,1407918
INC440,2018-12-20,1407918
INC228,2018-11-14,1407918
A6tf5fUgVnCY,2018-09-12,1408942
INC310,2018-11-30,1407918
INC230,2018-11-15,1407918
IYjJcZkr2pId,2018-11-12,1408942
INC86,2018-09-29,1407918
nLhqdbaafMMQ,2018-12-19,1408942
SnUh3aCNOx6D,2018-12-29,1408942
Kic1IH4O43fx,2018-11-29,1408942
INC263,2018-11-16,1407918
INC387,2018-12-07,1407918
INC218,2018-11-12,1407918
INC421,2018-12-18,1407918
Hfl6SIwcnW8X,2018-12-14,1408942
uZ4eJu3ZFY4i,2018-08-24,1408942
INC83,2018-09-28,1407918
INC368,2018-12-13,1407918
jMMPbzgXh6nj,2018-11-30,1408942
LDmhk2LgvdYu,2018-09-14,1408942
INC447,2018-12-20,1407918
9XZkElp3HN9d,2018-12-19,1408942
nueIbJoVyDKb,2018-11-28,1408942
INC77,2018-09-28,1407918
77BNGMoEylYd,2018-09-11,1408942
wj6ylsCxr5Fh,2018-12-03,1408942
gh4e4xr3hmb1,2018-10-20,1408942
INC271,2018-11-26,1407918
1b9dLkGAdgeq,2018-12-31,1408942
INC434,2018-12-01,1407918
NoaqotcjHhjs,2018-12-31,1408942
INC319,2018-11-30,1407918
ixBwl2fuRnHN,2018-10-30,1408942
nxWenUyu91Pf,2018-09-13,1408942
MTKM6TctkinA,2018-10-02,1408942
INC53,2018-09-19,1407918
Ty6nfZg8GDAL,2018-12-02,1408942
INC223,2018-11-14,1407918
CYcsk1ZY8pce,2018-09-09,1408942
INC372,2018-12-13,1407918
ERfzFns9heKC,2018-11-29,1408942
DNOVoPZYOIPs,2018-12-23,1408942
INC49,2018-09-15,1407918
3P2hqeLtGq3F,2018-12-14,1408942
8oUkyZf2BXwQ,2018-11-17,1408942
jO9gUf5ycaev,2018-08-17,1408942
INC76,2018-09-27,1407918
H2NDhw5Ji6Bg,2018-08-29,1408942
INC111,2018-10-01,1407918
2yZU2cWffPtl,2018-09-11,1408942
nLXbysbk4Vvb,2018-08-31,1408942
4kDC9jhnGfkd,2018-10-14,1408942
vmzJvfwp3jjV,2018-12-26,1408942
INC364,2018-12-21,1407918
Kp2QBTpb9trV,2018-09-09,1408942
TbG9iWAZBl5D,2018-12-15,1408942
WPvGwr95kOsw,2018-12-20,1408942
luthTSjtBMko,2018-09-18,1408942
IndkQewzEXYf,2018-11-28,1408942
xw2GLtlOdG63,2018-12-30,1408942
INC121,2018-10-01,1407918
INC391,2018-12-07,1407918
INC106,2018-10-07,1407918
Ind3v4Ae1q5R,2018-12-12,1408942
INC279,2018-11-29,1407918
kqJVGkcvlzfj,2018-11-25,1408942
INC118,2018-10-01,1407918
XpZh2GrqCl23,2018-11-11,1408942
mF7T49gWkceX,2018-12-29,1408942
HZwfJreAfslc,2018-12-30,1408942
INC410,2018-12-27,1407918
wgvtglMFpuy8,2018-09-17,1408942
TTuxRumpROUV,2018-09-19,1408942
skiBOr5Rp5zB,2018-10-06,1408942
INC345,2018-12-12,1407918
kB8ikMY9qIo2,2018-12-31,1408942
INC6,2018-08-22,1407918
lhfMLeuXoz5k,2018-10-11,1408942
jAhwTPfWU3Cr,2018-11-15,1408942
INC251,2018-11-25,1407918
eklVAiLRPJFW,2018-09-12,1408942
W62LIrsuDfbX,2018-12-27,1408942
INC105,2018-10-07,1407918
UhkblClOQNVJ,2018-11-26,1408942
INC413,2018-12-27,1407918
INC252,2018-11-16,1407918
INC435,2018-11-29,1407918
INC257,2018-11-15,1407918
oxHEtTqIJLaa,2018-12-09,1408942
INC255,2018-11-16,1407918
INC306,2018-11-30,1407918
oma68aTDIVtI,2018-09-03,1408942
INC419,2018-12-17,1407918
cILLuLkhuuqp,2018-12-28,1408942
59rb4lCmCfPX,2018-12-31,1408942
ncF8BBdzcx3f,2018-09-19,1408942
INC277,2018-11-28,1407918
veB6oIFJO1pC,2018-08-20,1408942
dyqcVHqWXLjG,2018-12-28,1408942
CptETcahcHfR,2018-12-31,1408942
GHxhktaNWloY,2018-10-27,1408942
INC116,2018-10-01,1407918
X7QEX92tNVxe,2018-09-01,1408942
a7jntfMak1vB,2018-11-29,1408942
INC327,2018-12-05,1407918
INC193,2018-11-02,1407918
rqdzCP4ToJHu,2018-12-16,1408942
INC417,2018-12-30,1407918
INC98,2018-10-04,1407918
GVPaWs5c3eCG,2018-09-05,1408942
v8TgWpi5QuWe,2018-12-31,1408942
eO3jNlXjMxi9,2018-12-31,1408942
kLKw6cCKXGCm,2018-12-12,1408942
INC339,2018-12-10,1407918
CnV4r6chMdk9,2018-12-21,1408942
INC445,2018-12-20,1407918
INC349,2018-12-05,1407918
INC429,2018-12-05,1407918
INC348,2018-12-04,1407918
INC204,2018-11-09,1407918
rpcLqEYHFqEq,2018-09-07,1408942
sMXx8lvVGxm8,2018-11-26,1408942
ztUpQbpvQcGv,2018-11-16,1408942
INC258,2018-11-15,1407918
INC346,2018-12-12,1407918
INC55,2018-09-20,1407918
INC253,2018-11-16,1407918
INC369,2018-12-13,1407918
INC90,2018-10-03,1407918
INC422,2018-12-14,1407918
INC386,2018-12-07,1407918
INC78,2018-09-28,1407918
INC377,2018-12-20,1407918
DBI2S7k6sugF,2018-12-19,1408942
RUpqBx1OMinx,2018-12-07,1408942
INC196,2018-11-06,1407918
bchJXxjkrzqW,2018-11-22,1408942
vasWTj274YsD,2018-10-18,1408942
2BqVnr6P8tVp,2018-08-23,1408942
vVnfjsJIBTT2,2018-12-07,1408942
xitYEdEOGoWs,2018-08-21,1408942
YtgCGhxr3jIK,2018-12-23,1408942
INC166,2018-10-15,1407918
n3qKvjxoHvue,2018-09-28,1408942
5deEp799gCVz,2018-12-22,1408942
INC360,2018-12-19,1407918
INC47,2018-09-11,1407918
L11ptegZ9PiK,2018-08-31,1408942
P11rLbDmmbS2,2018-12-12,1408942
eIuFIlEFkTrl,2018-12-27,1408942
INC340,2018-12-12,1407918
INC260,2018-11-16,1407918
INC442,2018-11-30,1407918
49fFvMhQV1jW,2018-08-22,1408942
etADf2zAUDt9,2018-12-27,1408942
EkU2Ovmxv2j2,2018-09-28,1408942
INC395,2018-11-28,1407918
EenwmBxNPPxf,2018-11-24,1408942
INC388,2018-12-07,1407918
INC428,2018-12-05,1407918
INC232,2018-11-16,1407918
sFBHKVLNRkb2,2018-12-30,1408942
INC404,2018-12-27,1407918
INC354,2018-12-05,1407918
bFcV95rxekcc,2018-12-26,1408942
INC199,2018-11-09,1407918
AmdpjLPw9llT,2018-12-27,1408942
aivToJJLoxWC,2018-11-18,1408942
INC162,2018-10-11,1407918
INC104,2018-10-06,1407918
GhOKbUF7GgMz,2018-10-01,1408942
pMWmf1EEKTm9,2018-12-27,1408942
INC54,2018-09-19,1407918
S4aOnZvqverC,2018-12-27,1408942
INC22,2018-08-25,1407918
INC18,2018-08-23,1407918
INC329,2018-12-06,1407918
5S8Pond1BgDI,2018-11-29,1408942
wUdMYepLb8rn,2018-09-15,1408942
INC108,2018-10-08,1407918
INC57,2018-09-21,1407918
INC227,2018-11-14,1407918
INC284,2018-11-30,1407918
XsHqFikAobZo,2018-11-11,1408942
INC259,2018-11-15,1407918
INC58,2018-09-21,1407918
gKVZieYYf1Vl,2018-12-31,1408942
ojNbsTR6A4Bz,2018-12-03,1408942
INC11,2018-08-22,1407918
eNmHQ4GZPYxZ,2018-12-05,1408942
INC69,2018-09-25,1407918
g6Jl4Qo6LAFZ,2018-12-23,1408942
8wmMNANrJtaO,2018-10-25,1408942
INC229,2018-11-14,1407918
INC424,2018-12-19,1407918
INC446,2018-12-22,1407918
dpRTbnGmvxc6,2018-08-24,1408942
fEaO9foHiLcr,2018-12-10,1408942
CGQ6gxM48ENf,2018-09-05,1408942
INC423,2018-12-19,1407918
INC431,2018-12-28,1407918
INC311,2018-11-30,1407918
xAP7cUHq3ODm,2018-11-01,1408942
INC92,2018-10-03,1407918
Y7hT5rZSiNdP,2018-09-12,1408942
OtyANIk64bpZ,2018-12-24,1408942
INC433,2018-12-21,1407918
6bbcZpN19MDK,2018-12-02,1408942
INC371,2018-12-13,1407918
INC280,2018-11-29,1407918
INC186,2018-10-31,1407918
INC183,2018-10-30,1407918
pI7MXj5OdoGP,2018-12-27,1408942
mGlCD1JYK7DD,2018-12-07,1408942
ScMHXeOMpZqJ,2018-12-23,1408942
QJYQG1yFgPYn,2018-08-23,1408942
INC233,2018-11-16,1407918
HCBWiASlLQuY,2018-12-16,1408942
9fHq2lbczDGs,2018-12-30,1408942
Rc3KKgqObemT,2018-08-29,1408942
pwF6PPyVLifM,2018-11-21,1408942
INC45,2018-09-06,1407918
8Bkhj4Xa8rYz,2018-08-28,1408942
5fetOqrhDGLk,2018-11-28,1408942
9lk25WpqL5Sg,2018-08-18,1408942
INC408,2018-12-27,1407918
eaDn6jj265Oy,2018-09-09,1408942
INC285,2018-11-30,1407918
HeDiiNqe8Xab,2018-12-30,1408942
ZVG2TerwVk4n,2018-12-28,1408942
INC177,2018-10-22,1407918
INC164,2018-10-02,1407918
EFF9ldsl158G,2018-11-28,1408942
2VpoJugDcdY3,2018-10-18,1408942
INC207,2018-11-11,1407918
INC119,2018-10-01,1407918
INC351,2018-12-05,1407918
cOiL1FFODMdx,2018-08-24,1408942
fEFOnQkxxDEk,2018-12-30,1408942
3gliJYbDU2mD,2018-11-07,1408942
Iei4BfcuBMbi,2018-12-03,1408942
dcifUIxgiT3p,2018-10-16,1408942
EoBdkuvesUEM,2018-12-13,1408942
ThLTudW6akWr,2018-09-11,1408942
2PSscG6JNEjc,2018-12-31,1408942
bYDgxmmwRhP3,2018-11-19,1408942
INC286,2018-12-02,1407918
INC167,2018-10-19,1407918
INC276,2018-11-28,1407918
INC315,2018-11-30,1407918
INC100,2018-10-04,1407918
INC33,2018-08-30,1407918
Y7Z8hthwETam,2018-10-19,1408942
INC109,2018-09-28,1407918
IJDkD9c9sJxF,2018-10-17,1408942
W9Co1aqzDjYE,2018-10-25,1408942
Spgjz8m6L8Kz,2018-12-19,1408942
INC194,2018-11-03,1407918
gk9DkgcuaCxo,2018-12-16,1408942
jZrwCT9oH1tP,2018-12-31,1408942
INC337,2018-12-10,1407918
frT6VLoRAoip,2018-12-12,1408942
JTRqtyyCByWf,2018-11-23,1408942
INC350,2018-12-06,1407918
rn5hjuyA8Nyb,2018-12-31,1408942
e5GZaXeW6grE,2018-11-21,1408942
fCJh1E7cicnj,2018-12-12,1408942
a4r581IPakTT,2018-12-30,1408942
kICktAFKRRif,2018-09-02,1408942
nhHOURBzE4og,2018-12-30,1408942
INC411,2018-12-27,1407918
INC341,2018-12-12,1407918
INC356,2018-12-06,1407918
ghLXeSbpzGxi,2018-08-31,1408942
INC418,2018-12-31,1407918
INC318,2018-11-30,1407918
tae9Bcmrs475,2018-11-02,1408942
bEedEOeqPTTx,2018-12-31,1408942
INC213,2018-11-13,1407918
INC365,2018-12-22,1407918
lyjOU9xLewcZ,2018-08-22,1408942
Cm7xFIh5sU4x,2018-11-30,1408942
2aKWM2NbWNHb,2018-10-10,1408942
LxpFYh7evLEx,2018-10-11,1408942
ejZ9uDQSACcs,2018-11-10,1408942
INC205,2018-11-09,1407918
INC267,2018-11-16,1407918
atPy9umLkunf,2018-10-02,1408942
INC451,2018-12-18,1407918
INC192,2018-11-02,1407918
EpLGKwirNfkE,2018-11-16,1408942
INC314,2018-11-30,1407918
3cDEJGREhtnv,2018-12-30,1408942
INC88,2018-10-02,1407918
INC302,2018-11-30,1407918
INC95,2018-10-04,1407918
bHZnEKDpq9xB,2018-12-28,1408942
GQSNbj8ofIec,2018-12-31,1408942
INC367,2018-12-13,1407918
3sr1USkjlljX,2018-09-29,1408942
12XsGVomJKjx,2018-12-30,1408942
INC375,2018-12-20,1407918
HPxPwWcPgqod,2018-12-31,1408942
INC234,2018-11-17,1407918
rlXYGfj8UehZ,2018-12-30,1408942
WZY1dzGOIokt,2018-11-14,1408942
INC70,2018-09-26,1407918
INC273,2018-11-28,1407918
It93vBcikuIV,2018-11-15,1408942
INC34,2018-08-31,1407918
FPCy2ipdmTg8,2018-12-30,1408942
INC344,2018-12-12,1407918
INC320,2018-12-03,1407918
OLjkhKFBcb1c,2018-10-14,1408942
INC326,2018-12-04,1407918
fWLdqXHxrKpm,2018-11-10,1408942
LgfW1QwGZDdi,2018-12-28,1408942
w7344mJ8Vsra,2018-12-20,1408942
JFXIdGTZZupe,2018-09-11,1408942
JIh8gi9DPuPG,2018-09-10,1408942
INC281,2018-11-30,1407918
XRw3GoQBlAEz,2018-12-30,1408942
s3xFnBsXLXES,2018-12-18,1408942
swzTaE4ia6Jn,2018-09-05,1408942
INC115,2018-10-01,1407918
mpEFU1OvVSgd,2018-10-08,1408942
INC61,2018-09-23,1407918
INC19,2018-08-24,1407918
pk4wyd78cQFC,2018-12-31,1408942
59wnCcrdft8L,2018-12-12,1408942
INC67,2018-09-25,1407918
fafrZhI83mGG,2018-09-22,1408942
plWjInoG1sFD,2018-12-04,1408942
INC399,2018-12-14,1407918
2nIgKhheT9Ja,2018-12-02,1408942
INC268,2018-11-16,1407918
INC416,2018-12-30,1407918
INC355,2018-12-05,1407918
ixUsav7DLJpJ,2018-10-25,1408942
INC439,2018-12-20,1407918
xf3DPEHggapz,2018-12-30,1408942
INC378,2018-12-20,1407918
INC414,2018-12-27,1407918
INC60,2018-09-22,1407918
WNFIoy55jCpz,2018-09-05,1408942
XoSuWGctoCJL,2018-09-14,1408942
INC206,2018-11-10,1407918
yUO4gEFlT8RF,2018-12-31,1408942
I2NX5JXTrf8y,2018-09-05,1408942
INC122,2018-10-01,1407918
INC438,2018-12-22,1407918
Gwn3isyqYTvd,2018-08-07,1408942
RaiZNxiwXAKb,2018-12-14,1408942
INC298,2018-11-30,1407918
YDhdHv19kM3j,2018-12-31,1408942
g3N9lWrqeUgg,2018-12-19,1408942
cya1ap3QlIQb,2018-12-31,1408942
INC385,2018-12-13,1407918
INC343,2018-12-12,1407918
INC432,2018-12-23,1407918
hxEH8awA4vd7,2018-11-25,1408942
9rFNrYkXw1ix,2018-12-27,1408942
Hl9gCA8ZyJok,2018-12-07,1408942
INC305,2018-11-30,1407918
4QRKFEcCR6vf,2018-12-18,1408942
1ztgF4pJhJFQ,2018-11-11,1408942
INC347,2018-12-12,1407918
z5J8zr7RDX9X,2018-12-31,1408942
eRg2FeIlYAMP,2018-12-27,1408942
INC338,2018-12-10,1407918
ODc9A4Wme6lW,2018-08-25,1408942
INC120,2018-10-01,1407918
9wYnpjiKyic8,2018-11-10,1408942
1nYrLwcBvnUo,2018-11-25,1408942
mtbYuhCkWO9r,2018-12-30,1408942
INC17,2018-08-22,1407918
INC437,2018-11-29,1407918
EcUcZ4iDBOH4,2018-08-23,1408942
9aXNOB3XHAug,2018-08-17,1408942
I4sw2Mpw7AHE,2018-12-27,1408942
INC21,2018-08-25,1407918
ibnuT1b782nE,2018-12-23,1408942
2XP8NwubhC6V,2018-12-22,1408942
3I2YTCCGBRfH,2018-09-15,1408942
INC321,2018-12-03,1407918
INC73,2018-09-27,1407918
NVEeTilkv8cz,2018-12-18,1408942
VQFXNMrSEDFR,2018-11-14,1408942
INC68,2018-09-25,1407918
oApiP97vvByp,2018-09-01,1408942
INC283,2018-11-30,1407918
3fhmkKQiCHh4,2018-11-17,1408942
INC308,2018-11-30,1407918
INC191,2018-11-02,1407918
INC190,2018-11-02,1407918
INC66,2018-09-25,1407918
INC312,2018-11-30,1407918
hoZmb6oklVap,2018-09-28,1408942
hnz9VNqYAB9T,2018-12-31,1408942
j4sLMJQjLpv8,2018-10-26,1408942
INC99,2018-10-04,1407918
EvNULUeLeXji,2018-08-22,1408942
B6btnoghOkE3,2018-10-10,1408942
XS2kfr4lgJ1Y,2018-09-18,1408942
3RtGHYuvX3na,2018-12-19,1408942
pP1kenJAbiHA,2018-12-31,1408942
aGwEDnzW2w1F,2018-12-12,1408942
INC436,2018-12-18,1407918
INC101,2018-10-05,1407918
INC441,2018-11-30,1407918
lR4n1tKHGT1H,2018-11-24,1408942
MVAR1a2IRwj4,2018-10-23,1408942
5bJONewLrKRC,2018-12-31,1408942
bChawoVfUulI,2018-10-07,1408942
Nop1cG2QXbxa,2018-10-18,1408942
nqGOdjAoN6ad,2018-10-08,1408942
INC85,2018-09-28,1407918
1tgHjS5mRcE8,2018-11-24,1408942
Aa8jJ943KxvM,2018-08-31,1408942
Hv44jdznkVPO,2018-09-11,1408942
tPxatgCvLlzC,2018-10-01,1408942
jH4mStfgkvA5,2018-10-21,1408942
gRovfPw4Hco9,2018-12-02,1408942
INC374,2018-12-20,1407918
INC56,2018-09-21,1407918
INC72,2018-09-27,1407918
yKjjuXiXBYMx,2018-12-03,1408942
tlLCgfMNSJCf,2018-11-25,1408942
yixpuxNQQfyQ,2018-09-03,1408942
INC195,2018-11-03,1407918
NAwwHP5YygPE,2018-12-31,1408942
bLWreMjkj3El,2018-12-16,1408942
n9fMSPeYYW3W,2018-12-31,1408942
INC89,2018-10-03,1407918
wNc6ljVOqRu6,2018-12-30,1408942
INC959,2019-04-17,1407918
EttWnDnFbbU4,2019-05-20,1408942
INC797,2019-04-09,1407918
INC522,2019-01-23,1407918
INC592,2019-03-02,1407918
INC552,2019-02-18,1407918
6aHhHFa7EkMr,2019-06-30,1408942
INC542,2019-02-13,1407918
wB4khKGHIJtM,2019-02-06,1408942
ntEwhsJWE2tL,2019-06-26,1408942
6mCXCuaKT5Fb,2019-06-28,1408942
INC1224,2019-06-14,1407918
SuqLwDVoNau6,2019-06-29,1408942
INC788,2019-04-10,1407918
4lnsOmeYfxVE,2019-04-22,1408942
5kxHYKMQvoDw,2019-06-06,1408942
INC806,2019-03-20,1407918
A3JM1X42vK2N,2019-05-20,1408942
GUybRp7i3ryb,2019-06-01,1408942
INC705,2019-03-14,1407918
INC1339,2019-06-26,1407918
INC533,2019-01-23,1407918
PhtVkmXcgw6g,2019-06-21,1408942
INC706,2019-03-06,1407918
hOIgVfzehf4y,2019-05-22,1408942
INC971,2019-04-25,1407918
INC673,2019-03-13,1407918
INC1317,2019-06-30,1407918
INC1017,2019-05-06,1407918
kfwjRdMJETiu,2019-06-17,1408942
INC650,2019-03-06,1407918
INC640,2019-03-06,1407918
INC976,2019-04-25,1407918
7ja6o5TBtVR8,2019-06-06,1408942
INC526,2019-01-23,1407918
Ko1M8HElWaDS,2019-06-27,1408942
i9s79hBHeHJ9,2019-04-26,1408942
QHFAikLAOtp6,2019-06-30,1408942
INC1084,2019-05-08,1407918
Tf2nOGvmoKZ7,2019-04-16,1408942
j3AebLi2AM7W,2019-06-17,1408942
MF8HEYsZK3w8,2019-06-21,1408942
crfr4OWrtoRf,2019-06-30,1408942
INC708,2019-03-02,1407918
INC694,2019-03-02,1407918
INC1154,2019-04-17,1407918
bmBK4GNApzeK,2019-04-16,1408942
INC1078,2019-05-18,1407918
AwCcyzBfv8LM,2019-06-30,1408942
INC1025,2019-05-10,1407918
uV71WbPIWwFi,2019-06-12,1408942
INC1150,2019-05-23,1407918
iHFv6d3smMbE,2019-05-17,1408942
INC740,2019-03-13,1407918
PfX77SuIXfSZ,2019-02-01,1408942
zMVEOYDTUjHW,2019-06-28,1408942
INC1033,2019-05-08,1407918
TRhzH4Jj1yQj,2019-06-29,1408942
GMjc5eZrUiuJ,2019-06-29,1408942
INC1092,2019-05-08,1407918
psHCFtMr9NUq,2019-06-22,1408942
INC734,2019-03-14,1407918
INC994,2019-04-30,1407918
IwLiY7oX7WwR,2019-04-05,1408942
7zgbjwa5vARe,2019-04-15,1408942
INC1079,2019-05-14,1407918
4kO6acK8p53t,2019-06-06,1408942
pPbvctXBsMFP,2019-05-08,1408942
j2bH3FcWwDw2,2019-06-02,1408942
HDliAyfwKWKA,2019-05-09,1408942
INC995,2019-05-05,1407918
XKdcUsrfmXIA,2019-04-15,1408942
oePAvHB3Id1i,2019-01-29,1408942
INC737,2019-03-14,1407918
WgQQ59UWVs9k,2019-06-29,1408942
INC774,2019-04-06,1407918
INC1263,2019-06-21,1407918
INC992,2019-04-15,1407918
iK2gchbxawRU,2019-06-20,1408942
LBrgxoieiKy6,2019-06-17,1408942
chUN7UXePaIL,2019-05-25,1408942
UBxY337j9a1W,2019-04-27,1408942
MG46zTtpLi8P,2019-06-30,1408942
D735JS4HIZbk,2019-04-08,1408942
UMu7PyYYrxOc,2019-01-30,1408942
FtgnmwNUmYVQ,2019-02-08,1408942
d3rRwMK5TQ9b,2019-06-25,1408942
INC531,2019-02-04,1407918
7gvrNdZwRJrY,2019-06-20,1408942
a4uaT6WO4xzW,2019-01-27,1408942
P1HBFrXncbHF,2019-06-21,1408942
Ksnw5Hbaa2LK,2019-06-01,1408942
INC558,2019-02-25,1407918
XGjy8pSnkCxE,2019-06-29,1408942
dMTePu8TQWyf,2019-06-29,1408942
INC1330,2019-06-28,1407918
INC1160,2019-04-17,1407918
INC1106,2019-05-02,1407918
INC571,2019-02-22,1407918
ZDocenrpoRX6,2019-06-29,1408942
Rfky7b6fNaeC,2019-06-17,1408942
1uTzdLVinGS9,2019-05-23,1408942
INC949,2019-04-17,1407918
INC1002,2019-04-29,1407918
INC1037,2019-05-07,1407918
cxtqA4966mlZ,2019-02-19,1408942
1LS2eYEU9DJu,2019-06-29,1408942
INC530,2019-01-23,1407918
N7Nf4H5qZFu2,2019-05-31,1408942
INC627,2019-03-03,1407918
INC723,2019-03-14,1407918
INC739,2019-03-14,1407918
INC1046,2019-05-08,1407918
7fH85HSQZpov,2019-06-17,1408942
mATC4tCqLmcS,2019-06-30,1408942
7XEF3GSlRylU,2019-03-24,1408942
psbIZRTAFp3w,2019-03-29,1408942
INC1219,2019-06-15,1407918
INC465,2019-01-01,1407918
INC1301,2019-06-26,1407918
INC1230,2019-06-11,1407918
INC1041,2019-05-08,1407918
INC1312,2019-06-30,1407918
INC695,2019-03-02,1407918
INC1019,2019-05-08,1407918
AejEJrP6UYjL,2019-06-06,1408942
NhO7KeHujsNO,2019-06-30,1408942
9wbnGY5jmkwc,2019-06-19,1408942
kMjq8EOiuWRM,2019-06-21,1408942
NJp94kDZ2eLe,2019-05-24,1408942
INC641,2019-03-07,1407918
INC512,2019-02-10,1407918
INC639,2019-03-10,1407918
INC582,2019-02-22,1407918
INC492,2019-01-02,1407918
JwBLezWH7fCd,2019-05-31,1408942
J8iOBhaIbQiq,2019-06-30,1408942
INC635,2019-03-08,1407918
BkXxRd2blXRj,2019-04-06,1408942
faOvmV1iBcGI,2019-03-04,1408942
CuKboISjrtF2,2019-05-24,1408942
INC747,2019-03-14,1407918
5VnZVMypRYns,2019-05-22,1408942
iFAQO2OvbIhK,2019-06-29,1408942
YFvvXOMlPhB2,2019-06-24,1408942
2bYrPukdmhJp,2019-03-21,1408942
AabcHSVbOIjq,2019-06-30,1408942
INC577,2019-02-22,1407918
INC1021,2019-05-09,1407918
INC698,2019-03-14,1407918
aXApDqo8hJHw,2019-02-06,1408942
INC1328,2019-06-28,1407918
9M728viatQ7B,2019-06-21,1408942
D4HfBGljAhQy,2019-05-31,1408942
uQ7G3Tyj7Nwe,2019-06-18,1408942
INC495,2019-01-18,1407918
INC1234,2019-05-28,1407918
j168FO66AGm5,2019-06-03,1408942
INC638,2019-03-05,1407918
INC972,2019-04-25,1407918
INC1329,2019-06-26,1407918
y3m34in2SE6a,2019-04-17,1408942
BBVzkcBejFl5,2019-06-20,1408942
INC1162,2019-04-15,1407918
CnNRKE7ue7Kf,2019-01-07,1408942
kaUS8Ne7vVv6,2019-05-18,1408942
KMLATqxs5IX3,2019-06-29,1408942
nVeq17hATsvb,2019-04-18,1408942
INC1159,2019-04-14,1407918
OwXQrgFGXiWO,2019-04-03,1408942
IUrNmVfKVbYG,2019-06-20,1408942
INC675,2019-03-17,1407918
INC808,2019-03-18,1407918
INC720,2019-03-14,1407918
FQ9F6PS2Ze5l,2019-06-20,1408942
INC1004,2019-05-03,1407918
INC1260,2019-06-17,1407918
kDgq183ngYCY,2019-06-22,1408942
BkYiELGEjp5v,2019-06-08,1408942
lsdLWQ2LJOG7,2019-06-26,1408942
lzJnW7cSi7F7,2019-06-26,1408942
g5AylGNeNqQB,2019-06-19,1408942
mIYbGAGf55IS,2019-05-31,1408942
INC688,2019-03-21,1407918
leSGbaBNuvIu,2019-04-25,1408942
INC991,2019-04-15,1407918
EEdU8HNyzjHB,2019-06-27,1408942
INC752,2019-03-27,1407918
INC1036,2019-05-08,1407918
ffjUamias8F3,2019-04-04,1408942
INC970,2019-04-17,1407918
YdhwC66zNThU,2019-06-13,1408942
IR1s71E1e5VP,2019-06-25,1408942
PiuVCB3oEqdl,2019-04-02,1408942
INC567,2019-02-22,1407918
aS1rtbNGUdoz,2019-05-23,1408942
wSci8WciBHlb,2019-06-10,1408942
3du5KQRRZePM,2019-06-17,1408942
T263HVxr9o9U,2019-03-29,1408942
PHqcQbQQHsyK,2019-06-20,1408942
tCh3118fd1iT,2019-03-24,1408942
INC1223,2019-06-11,1407918
NDsVKIfbI9We,2019-05-31,1408942
INC754,2019-03-29,1407918
YScIVDvKhi7Q,2019-04-08,1408942
Hohm8GDJ52US,2019-06-27,1408942
st2OdYuebbbt,2019-02-02,1408942
bitvSBnG7qIu,2019-05-24,1408942
Aq5Wt7QniKbz,2019-06-12,1408942
hWKau9i1cRMg,2019-05-31,1408942
INC783,2019-04-10,1407918
rxYfLVzPqcSE,2019-04-16,1408942
Uzn9oZW1x8dZ,2019-04-08,1408942
a5m7BmdCsAgv,2019-03-07,1408942
INC666,2019-03-17,1407918
INC1313,2019-06-30,1407918
SMZvgh4cePYx,2019-04-27,1408942
INC703,2019-03-14,1407918
INC968,2019-04-17,1407918
INC735,2019-03-14,1407918
INC652,2019-03-07,1407918
INC580,2019-02-22,1407918
yGmNWAi7bboh,2019-06-02,1408942
ffg37c6xGFaT,2019-06-20,1408942
aracXBlx9EL5,2019-03-03,1408942
PYjmAU3qNkSC,2019-03-03,1408942
aMDI3H1Yu127,2019-05-31,1408942
y9vjNkTiRiBn,2019-05-22,1408942
INC1161,2019-05-09,1407918
INC1010,2019-05-03,1407918
i1TUuqYdtJnL,2019-05-31,1408942
INC584,2019-02-22,1407918
INC729,2019-03-06,1407918
sgYOIvfTcWhW,2019-06-25,1408942
INC1270,2019-05-08,1407918
APN8SHb5th4g,2019-06-21,1408942
rhH3YaBataRJ,2019-06-27,1408942
V425TTsAzIXf,2019-06-30,1408942
fHvQtYQv4h46,2019-05-29,1408942
vxVdjBeXgUmr,2019-06-20,1408942
lIKihVLFqWzc,2019-06-26,1408942
INC1023,2019-05-11,1407918
INC669,2019-03-13,1407918
INC569,2019-02-22,1407918
8yRSrLb8woTE,2019-06-06,1408942
INC725,2019-03-14,1407918
9tZIJgD4JXnk,2019-03-08,1408942
qsyR5EeUKFeH,2019-05-31,1408942
RPaDHUa9LmnJ,2019-05-15,1408942
INC973,2019-04-25,1407918
eOyUIYIBqQtk,2019-01-13,1408942
GoQWeVV5PWFR,2019-04-23,1408942
INC941,2019-04-16,1407918
INC1227,2019-06-15,1407918
9Q6Az6f41XUw,2019-06-06,1408942
lxQjvtjt45qw,2019-06-29,1408942
84Ttih8rqbN5,2019-06-30,1408942
INC1216,2019-06-05,1407918
INC697,2019-03-07,1407918
INC589,2019-02-28,1407918
INC651,2019-03-10,1407918
INC1327,2019-06-24,1407918
INC717,2019-03-06,1407918
INC713,2019-03-14,1407918
INC554,2019-02-22,1407918
eogFW2EbQLZU,2019-06-07,1408942
kXmpbewRxmhD,2019-06-17,1408942
INC726,2019-03-14,1407918
T8Sfm79BZZj4,2019-03-15,1408942
INC710,2019-03-14,1407918
INC643,2019-03-05,1407918
INC572,2019-02-22,1407918
Ig33TQHOVBNx,2019-02-25,1408942
lWbzIfjiwpLJ,2019-06-19,1408942
INC977,2019-04-24,1407918
nzMTmve8zZQJ,2019-06-25,1408942
BGGH7fojUKkc,2019-06-04,1408942
lFkbl9dWkBNb,2019-04-04,1408942
INC1001,2019-05-01,1407918
HqeePC5QeHf9,2019-06-26,1408942
awwlOpXWHqdV,2019-05-21,1408942
4LqZMUkUhJDl,2019-01-31,1408942
INC801,2019-04-12,1407918
INC496,2019-01-29,1407918
INC1146,2019-05-22,1407918
XF2y7wl7cpiv,2019-04-28,1408942
INC1111,2019-05-09,1407918
INC1005,2019-04-30,1407918
SCgEeyjOhqtj,2019-05-10,1408942
INC781,2019-04-12,1407918
INC1099,2019-05-08,1407918
nA53HmXaPC4y,2019-05-22,1408942
a8qmkmEFHKbh,2019-05-31,1408942
INC1226,2019-06-13,1407918
IA1FiMD2W6Zx,2019-06-26,1408942
SXj2MyQOy4Ys,2019-04-29,1408942
mmc8PNlyCzUi,2019-03-08,1408942
9sk5D3OAg4PN,2019-05-31,1408942
pRWhBZPPY1rZ,2019-06-30,1408942
INC1247,2019-06-07,1407918
2USzCIXw9uSn,2019-06-30,1408942
INC966,2019-04-17,1407918
TpM3oUgccPvY,2019-05-23,1408942
INC944,2019-04-18,1407918
udBPheMU6r5g,2019-06-03,1408942
AG8WPRgURyTe,2019-04-30,1408942
INC1029,2019-05-07,1407918
huZ74gMLdnrg,2019-05-29,1408942
dVRdVzEmPWjh,2019-06-12,1408942
O8j3h5AqlWK5,2019-05-26,1408942
AAsYn4V7SjaR,2019-06-24,1408942
neO1lURjjMEG,2019-01-17,1408942
y11aXePVa5LN,2019-06-01,1408942
W8R8of3SuR9z,2019-01-01,1408942
FpXhgrHeZewg,2019-01-19,1408942
s75gAv2EHhr3,2019-05-31,1408942
UnSNXYucAUWG,2019-06-20,1408942
INC1091,2019-05-08,1407918
INC583,2019-02-22,1407918
dHuZmyycdXo3,2019-06-24,1408942
V6LToqJbSyID,2019-05-06,1408942
VrIDhZxlSczL,2019-06-12,1408942
soX748pOhTSW,2019-06-29,1408942
efsjUghQgjmC,2019-05-08,1408942
INC671,2019-03-14,1407918
oJ3vD5afqGBY,2019-04-30,1408942
sqnthCTtzs4p,2019-06-18,1408942
cyZ87FzQUtkF,2019-06-30,1408942
INC1086,2019-05-08,1407918
INC629,2019-03-03,1407918
cvSGp9gu7GLo,2019-06-17,1408942
INC1268,2019-05-08,1407918
INC574,2019-02-22,1407918
INC1009,2019-05-01,1407918
ly4Z7UT8OOYr,2019-05-29,1408942
pbS5oYq6iilS,2019-05-31,1408942
INC568,2019-02-22,1407918
wbKmAHHeosf7,2019-04-23,1408942
INC1118,2019-05-18,1407918
INC727,2019-03-02,1407918
ct2Qn9XkO9PT,2019-06-21,1408942
INC535,2019-01-23,1407918
oxsJAZu8UYTu,2019-03-01,1408942
INC696,2019-03-02,1407918
INC573,2019-02-22,1407918
skqb9UQJDwsd,2019-03-31,1408942
INC663,2019-03-14,1407918
BQDEAqAiYsA5,2019-05-14,1408942
INC799,2019-04-08,1407918
8nWqpkRgzaxr,2019-03-31,1408942
INC1303,2019-06-28,1407918
R6LZjrsjuO9W,2019-05-28,1408942
qRpBhAHdJoWg,2019-01-01,1408942
INC953,2019-04-18,1407918
sPhIup2fqV5U,2019-06-30,1408942
J8J3fLd3DQXL,2019-06-27,1408942
O6Dviki3NNfA,2019-05-05,1408942
vqalp6pEQbxi,2019-05-07,1408942
INC1093,2019-05-17,1407918
72JMmtRbWLmG,2019-04-06,1408942
X7yRGCqmvbWy,2019-03-08,1408942
tD8R6Q7U8grn,2019-06-06,1408942
bshbHebuF4gs,2019-05-03,1408942
JFxTUduzfoe3,2019-06-30,1408942
Tegde2sFpm3F,2019-05-28,1408942
iCwZYhG1xl1W,2019-06-27,1408942
INC712,2019-03-02,1407918
iQ4ldvwX5LQO,2019-04-28,1408942
OPIjWOkopgsh,2019-06-30,1408942
BHRSgJmPVNbu,2019-06-24,1408942
Vln76pJJTODt,2019-06-10,1408942
INC975,2019-04-25,1407918
e8VUzZwrTqtw,2019-05-18,1408942
INC1156,2019-05-21,1407918
63TS4pzCXTAZ,2019-05-29,1408942
IchBzuBBQhPo,2019-06-17,1408942
INC1220,2019-06-14,1407918
INC709,2019-03-06,1407918
INC731,2019-03-02,1407918
4oClBl1N6DFJ,2019-02-25,1408942
nSbRedkpGPCa,2019-06-30,1408942
UXAkFigLhReZ,2019-06-21,1408942
oDfkbxhCLjDK,2019-04-27,1408942
vUKOrcENDLy3,2019-06-06,1408942
9bckuhavG5SQ,2019-04-15,1408942
INC967,2019-04-17,1407918
INC937,2019-04-17,1407918
RkCXiOUu6oQi,2019-06-09,1408942
INC1332,2019-06-26,1407918
3iqfuHyVm8Md,2019-03-21,1408942
ovnk7pIJCYgT,2019-05-30,1408942
TNNPgDclmXOT,2019-05-31,1408942
INC1103,2019-05-17,1407918
INC581,2019-02-22,1407918
INC993,2019-05-02,1407918
er8QdPGCPukV,2019-06-12,1408942
INC1043,2019-05-08,1407918
INC1082,2019-05-09,1407918
exxZTwGqlVH9,2019-06-29,1408942
gQ9jJg6hQmF3,2019-06-30,1408942
INC814,2019-03-28,1407918
INC1006,2019-05-05,1407918
9RNKUYJP9XAA,2019-02-28,1408942
INC943,2019-04-17,1407918
INC653,2019-03-08,1407918
rV3TV9EbYabk,2019-04-11,1408942
oh5DmljbhkmM,2019-06-19,1408942
INC1026,2019-05-08,1407918
INC518,2019-02-09,1407918
Gft1cB4M477B,2019-06-03,1408942
5TylsQOYxujT,2019-06-20,1408942
tTBE5iCpaRxb,2019-06-30,1408942
f67RlTkWccaA,2019-04-18,1408942
INC1085,2019-05-09,1407918
3bplOldRZjtx,2019-02-22,1408942
INC1100,2019-04-17,1407918
iaPCJLtu4mb4,2019-05-01,1408942
INC515,2019-01-23,1407918
HnwAGfZSuzeM,2019-02-25,1408942
VrNBdGJhPntI,2019-06-30,1408942
INC529,2019-01-23,1407918
INC1008,2019-05-03,1407918
INC646,2019-03-07,1407918
INC964,2019-04-17,1407918
INC1318,2019-06-29,1407918
INC1145,2019-05-20,1407918
5ViIsdJ6YBBd,2019-04-19,1408942
ehfjDZc1BUFx,2019-05-16,1408942
IbvhOTfr4jaM,2019-06-19,1408942
INC1249,2019-06-15,1407918
INC553,2019-02-19,1407918
cMguaeUxfgM4,2019-04-12,1408942
lkGzgWs977Wa,2019-05-18,1408942
jebM6PdJF2yZ,2019-05-18,1408942
INC1233,2019-06-07,1407918
INC741,2019-03-02,1407918
INC810,2019-03-20,1407918
Ncs9KVAcK1Ic,2019-06-30,1408942
INC1307,2019-06-28,1407918
INC758,2019-03-25,1407918
INC1267,2019-06-21,1407918
INC618,2019-02-26,1407918
sce1St4gTOXJ,2019-03-18,1408942
4On4yLsrBkw5,2019-05-31,1408942
INC516,2019-01-23,1407918
AZupdTAX2T22,2019-05-31,1408942
PQhOo8A7sCOR,2019-04-20,1408942
INC721,2019-03-02,1407918
INC532,2019-01-23,1407918
INC1215,2019-06-06,1407918
D4JLcrOHEjII,2019-06-20,1408942
qyl6JqmAtpyb,2019-05-18,1408942
INC802,2019-04-08,1407918
3f15eT958ZRf,2019-05-28,1408942
2eh3SK6wfrTX,2019-03-29,1408942
HsYlWf9DMcvz,2019-06-20,1408942
kY6sWjwOIlO8,2019-02-25,1408942
fUSeApJUhdIo,2019-03-13,1408942
INC1034,2019-05-08,1407918
INC631,2019-03-13,1407918
INC628,2019-03-03,1407918
swCUY2KhUI8K,2019-06-28,1408942
INC950,2019-04-18,1407918
fVZAQNh6Niqj,2019-05-10,1408942
INC1149,2019-05-20,1407918
9uM1HAvaCb5L,2019-05-30,1408942
pQWdmoyFCBaP,2019-06-26,1408942
bU6Xy6dCalOz,2019-05-18,1408942
fbNZcoc89tNI,2019-06-29,1408942
INC466,2019-01-04,1407918
INC544,2019-02-16,1407918
INC733,2019-03-14,1407918
Ol82qwpB1w7G,2019-05-23,1408942
INC1073,2019-05-09,1407918
1C77baIhKqdK,2019-04-30,1408942
INC538,2019-01-23,1407918
L9qvvT1uf4bN,2019-06-03,1408942
INC818,2019-04-10,1407918
INC575,2019-02-22,1407918
bTh29iFQwslj,2019-06-21,1408942
INC1340,2019-06-26,1407918
mOrBOgHHAElt,2019-06-28,1408942
INC960,2019-04-17,1407918
3bawBAAhVO1H,2019-05-14,1408942
INC524,2019-02-10,1407918
luIjkGsxXMG2,2019-04-25,1408942
ar9rcjBvMA6A,2019-03-08,1408942
INC543,2019-01-23,1407918
INC1075,2019-04-04,1407918
INC813,2019-03-28,1407918
INC521,2019-02-09,1407918
hWQb4kIyudo5,2019-05-17,1408942
VVhh7vDrtkwI,2019-02-10,1408942
sfVDqugul6be,2019-06-29,1408942
GNPGghmcdWYe,2019-06-30,1408942
SYjNkWp5Hy68,2019-06-30,1408942
8ddhKA8mvvFy,2019-05-21,1408942
INC513,2019-02-04,1407918
uh9b5kiSKC3j,2019-06-17,1408942
INC946,2019-04-18,1407918
INC1080,2019-05-15,1407918
INC1248,2019-06-07,1407918
FJObBibHcKyV,2019-04-17,1408942
INC1072,2019-05-09,1407918
INC715,2019-03-13,1407918
INC997,2019-04-30,1407918
1rZdBTv8RCXq,2019-06-19,1408942
INC1338,2019-06-21,1407918
hIzs46FoyAXN,2019-06-29,1408942
INC1045,2019-05-07,1407918
INC493,2019-01-17,1407918
cdBA2FrBlM6H,2019-03-14,1408942
cftjLoewQJ6q,2019-06-06,1408942
INC566,2019-02-22,1407918
YQl3iw9WY2fs,2019-04-24,1408942
KfwX3XASqPbN,2019-05-20,1408942
INC1305,2019-06-28,1407918
INC617,2019-02-26,1407918
INC816,2019-03-28,1407918
INC965,2019-04-17,1407918
fOydPTYzL2Ag,2019-02-02,1408942
OBigIWiXgDqE,2019-05-14,1408942
UCjvMMLvwskK,2019-05-30,1408942
INC625,2019-03-02,1407918
INC938,2019-04-17,1407918
LeOHNwwnMLSz,2019-05-09,1408942
INC809,2019-03-20,1407918
INC1096,2019-05-18,1407918
INC1343,2019-06-21,1407918
SR5pP126G4tB,2019-05-20,1408942
1UbjyAAeDpEu,2019-06-30,1408942
2KTJnllc6ybW,2019-06-19,1408942
6WqWO17QLAJW,2019-03-01,1408942
51znnyqrZ43Q,2019-06-12,1408942
pfLnUaWVB9fd,2019-06-18,1408942
INC623,2019-03-01,1407918
OUsBwjMjGVgi,2019-06-26,1408942
INC744,2019-03-13,1407918
AVArS8UYywEh,2019-06-27,1408942
SuXUSlHRmwie,2019-06-30,1408942
n9In4Vp5eq4K,2019-06-12,1408942
INC523,2019-01-08,1407918
GgsXdsBX1LEI,2019-04-26,1408942
INC1119,2019-03-10,1407918
INC817,2019-04-10,1407918
INC514,2019-01-23,1407918
INC528,2019-01-16,1407918
INC1044,2019-05-07,1407918
mshYhhbOHGfr,2019-06-30,1408942
INC1222,2019-06-15,1407918
INC570,2019-02-22,1407918
INC676,2019-03-15,1407918
bl4RWfjpcxBR,2019-06-30,1408942
yRIRhvmGTDzb,2019-05-18,1408942
8Af2jZUWvTO3,2019-06-04,1408942
f78mZ6W3kloV,2019-06-30,1408942
MKc65tLzJabT,2019-03-03,1408942
j6RXYYMONdEF,2019-06-27,1408942
xMlXLDKFGaBb,2019-06-29,1408942
jL3vYI37AwwJ,2019-06-11,1408942
INC519,2019-02-05,1407918
ypu8QfhCIz5n,2019-03-25,1408942
INC714,2019-03-14,1407918
w4gHKJCdtLqU,2019-04-28,1408942
5nFoLGaUiKXL,2019-06-30,1408942
xAmb1vD3tuXv,2019-05-15,1408942
INC1155,2019-05-20,1407918
INC1344,2019-06-26,1407918
INC724,2019-03-14,1407918
vt6YMqMdz4LC,2019-04-27,1408942
9rbR8QPIHMOE,2019-05-20,1408942
INC951,2019-04-17,1407918
INC648,2019-03-04,1407918
INC1074,2019-05-07,1407918
INC1107,2019-05-08,1407918
nCTh1Bs5Teke,2019-05-01,1408942
M19SlesoIm7o,2019-06-30,1408942
ug2d15xXZ3SE,2019-06-25,1408942
INC750,2019-03-25,1407918
INC537,2019-01-23,1407918
EHsCiOSiFA4r,2019-04-26,1408942
INC691,2019-03-22,1407918
INC1018,2019-05-08,1407918
GQZfJvkdjWhh,2019-01-09,1408942
ucEe1EBhbTwX,2019-06-21,1408942
INC979,2019-04-26,1407918
INC525,2019-02-09,1407918
4DkxaliAMV6Q,2019-04-30,1408942
INC1158,2019-05-20,1407918
83zvX2CU49e7,2019-06-11,1408942
INC536,2019-01-23,1407918
fe2gawcpvInz,2019-05-27,1408942
INC497,2019-02-02,1407918
INC800,2019-04-12,1407918
INC1306,2019-06-29,1407918
INC1336,2019-06-26,1407918
le2seSVOus8B,2019-02-06,1408942
tvBOneem3AQa,2019-05-08,1408942
VvbSo4QKnLSk,2019-03-24,1408942
zi8YhnUNw48G,2019-06-18,1408942
vRGsqXpDa1Nc,2019-04-21,1408942
INC807,2019-03-28,1407918
INC782,2019-04-08,1407918
OZ1bUFDf2LfH,2019-04-29,1408942
5EIyy2dKdmgA,2019-03-25,1408942
9hhONtiNQ6OE,2019-05-16,1408942
INC732,2019-03-14,1407918
INC1108,2019-05-15,1407918
INC1269,2019-05-08,1407918
7NgD5JawmYTm,2019-06-20,1408942
INC619,2019-02-26,1407918
INC1151,2019-05-22,1407918
T5rXdQ8rNfOk,2019-06-20,1408942
INC637,2019-03-07,1407918
FLlVortNL9aG,2019-05-18,1408942
INC672,2019-03-13,1407918
QhIoGnwBtVOm,2019-04-21,1408942
WPZoNCutsSFl,2019-06-17,1408942
INC738,2019-03-14,1407918
INC1147,2019-05-20,1407918
maFgdwUYfpTY,2019-06-29,1408942
INC1326,2019-06-27,1407918
INC644,2019-03-08,1407918
ZLqI7qRlEtAD,2019-06-20,1408942
pa6H6CxQzcvV,2019-06-17,1408942
xp3lJ6kR9wJL,2019-06-06,1408942
INC1243,2019-05-28,1407918
hK4XlpisaahV,2019-06-20,1408942
IobrZs46hiEL,2019-06-17,1408942
INC1022,2019-05-09,1407918
INC692,2019-03-22,1407918
INC1309,2019-06-28,1407918
lKJg1pfLctew,2019-06-20,1408942
EHGAFTY83Pav,2019-05-08,1408942
INC936,2019-04-18,1407918
lI7BBulLLFRe,2019-06-19,1408942
kcfF8dtozR3x,2019-06-21,1408942
uh34QKoMWQfb,2019-06-03,1408942
bOjzdnarUx7X,2019-06-15,1408942
INC1148,2019-04-17,1407918
XwoTDyRBXI4Q,2019-06-30,1408942
INC935,2019-04-15,1407918
DsMOu6LfpCpX,2019-03-03,1408942
INC690,2019-03-22,1407918
INC742,2019-03-02,1407918
ycr6CRAQ64v1,2019-06-19,1408942
5ajcBDa6AoDw,2019-02-23,1408942
INC699,2019-03-14,1407918
INC772,2019-04-01,1407918
INC719,2019-03-14,1407918
INC1228,2019-06-15,1407918
INC1316,2019-06-29,1407918
tcpVOUw6hrzq,2019-03-02,1408942
INC811,2019-03-20,1407918
jPLxtOLduu2C,2019-05-31,1408942
tEXovwTi8tDY,2019-06-27,1408942
JjejhhFrrT8B,2019-03-26,1408942
NePe43gjezco,2019-06-26,1408942
aNPtwMtFKUGi,2019-05-17,1408942
3fQRY7IzYK2J,2019-04-26,1408942
2cZhrugDJYO3,2019-04-22,1408942
INC942,2019-04-17,1407918
PkgCfLUjlbIR,2019-04-15,1408942
INC576,2019-02-22,1407918
INC963,2019-04-17,1407918
eu1rEXr8K5Z6,2019-04-25,1408942
INC1323,2019-06-29,1407918
INC579,2019-02-22,1407918
INC693,2019-03-02,1407918
INC1300,2019-06-28,1407918
dJtQvC241YhV,2019-06-29,1408942
INC711,2019-03-02,1407918
INC670,2019-03-14,1407918
INC736,2019-03-02,1407918
9U75qUp2mjXu,2019-06-30,1408942
INC636,2019-03-07,1407918
Aa9aYpkvSSZl,2019-05-18,1408942
PsgsTExIh8tZ,2019-06-10,1408942
qMInMXu8ncWR,2019-06-19,1408942
fzm6U6cYTCeU,2019-05-31,1408942
Bjg9htihSfkb,2019-03-21,1408942
INC1067,2019-03-14,1407918
INC728,2019-03-14,1407918
twVBX8HPgKIg,2019-05-29,1408942
INC978,2019-04-25,1407918
INC716,2019-03-13,1407918
INC815,2019-03-28,1407918
INC1070,2019-04-12,1407918
h5TVszXhafOJ,2019-03-25,1408942
INC773,2019-04-05,1407918
l3EAgC6wbLjT,2019-06-17,1408942
INC947,2019-04-19,1407918
INC743,2019-03-13,1407918
INC527,2019-01-23,1407918
2swkpJhbcHAR,2019-05-16,1408942
ZzgpJBSCt5Bm,2019-06-27,1408942
CzCGmlwR63oc,2019-05-02,1408942
cPUR8bNMkri4,2019-06-25,1408942
INC1261,2019-06-19,1407918
ZMocsZD4JsLb,2019-06-30,1408942
INC578,2019-02-22,1407918
INC1212,2019-06-07,1407918
hOt1xvFjLb2a,2019-06-24,1408942
INC626,2019-03-02,1407918
3tHbaNPCoysy,2019-06-20,1408942
GDRrYdkvH8YF,2019-04-28,1408942
INC1039,2019-05-07,1407918
OWEQNWI6nZ65,2019-05-14,1408942
OQYdN5c33qwe,2019-05-16,1408942
INC1266,2019-06-21,1407918
gIeqtMCYBDX8,2019-03-26,1408942
NujD1lUT9FuE,2019-06-21,1408942
XLt1wEp3EbhZ,2019-03-22,1408942
INC1335,2019-06-29,1407918
evnnwLvySGah,2019-04-24,1408942
lUkVvCe2sDYS,2019-06-20,1408942
biPyck5usEjQ,2019-06-29,1408942
INC1322,2019-06-28,1407918
INC645,2019-03-07,1407918
INC674,2019-03-13,1407918
INC1016,2019-05-08,1407918
UMivxXYT9LHA,2019-06-30,1408942
INC1000,2019-05-03,1407918
INC1110,2019-05-02,1407918
rxiLHMbQigJg,2019-03-19,1408942
INC954,2019-04-18,1407918
INC786,2019-04-10,1407918
INC961,2019-04-17,1407918
INC520,2019-02-05,1407918
INC634,2019-03-10,1407918
INC1345,2019-06-26,1407918
VQaQrXA1UVgf,2019-03-20,1408942
XeTzq1dfWkiy,2019-03-21,1408942
G1QEb7COReKV,2019-03-01,1408942
srUMiuKC6Q1K,2019-04-28,1408942
INC1081,2019-05-08,1407918
thUgJjrDUbcc,2019-05-27,1408942
xSc7izGBBdq9,2019-06-20,1408942
YHOKuU2B741A,2019-05-26,1408942
yAgK5wrYZQt8,2019-06-10,1408942
aLCCbHhTpHgb,2019-03-05,1408942
INC1153,2019-04-15,1407918
INC649,2019-03-08,1407918
INC1035,2019-05-06,1407918
rzya44adKcQY,2019-02-22,1408942
INC757,2019-03-26,1407918
INC819,2019-03-06,1407918
OkhppFalu1pi,2019-02-08,1408942
8l4A8M8xy5rd,2019-05-16,1408942
rvFaKIZnrLvP,2019-03-25,1408942
INC534,2019-01-23,1407918
INC1302,2019-06-28,1407918
pbtli2y6hNJ8,2019-05-13,1408942
5XiQFalAoOJb,2019-05-23,1408942
INC962,2019-04-17,1407918
INC805,2019-04-14,1407918
SF2XBUWatQbP,2019-06-07,1408942
ZgIfJ8n4iFYk,2019-03-03,1408942
INC1031,2019-05-08,1407918
INC1348,2019-06-21,1407918
INC1020,2019-05-08,1407918
gSSj5niMdW3w,2019-06-20,1408942
bqdJXJ5dePjJ,2019-06-02,1408942
jNm7JaSUwLhl,2019-06-05,1408942
INC1341,2019-06-21,1407918
nZxxzvCSmUie,2019-04-29,1408942
INC1028,2019-05-08,1407918
INC1157,2019-05-23,1407918
INC1101,2019-05-04,1407918
INC1314,2019-06-29,1407918
jRb88nRmh2lh,2019-05-21,1408942
INC804,2019-04-14,1407918
3kmN1sgRMpBT,2019-06-30,1408942
NDRyq8dORSxe,2019-03-03,1408942
abKGUtI4vmHu,2019-06-27,1408942
INC1104,2019-05-08,1407918
INC677,2019-03-15,1407918
INC1011,2019-04-17,1407918
INC588,2019-02-27,1407918
qcBFywRPK7k8,2019-05-31,1408942
MheuR5Jt1Jta,2019-06-06,1408942
15UQqERHC6Vh,2019-06-28,1408942
lDsd5S8wZ4qW,2019-02-22,1408942
Ak7CqElfj9Md,2019-03-21,1408942
NcpkxhNhdhCe,2019-05-11,1408942
uIyehp8rCv5T,2019-06-29,1408942
UWhtspxnP2SO,2019-06-20,1408942
fE5wbmYZ7mnk,2019-06-04,1408942
FNPGTdFae3r7,2019-06-05,1408942
8JjlqB82vbut,2019-06-12,1408942
xZxSgZDNbITa,2019-05-30,1408942
INC1109,2019-05-15,1407918
jmr2DOe7eXis,2019-04-06,1408942
hPgDDgjgYgdY,2019-04-16,1408942
