id,date,amount
INC342,2018-12-12,500
INC405,2018-12-27,500
INC113,2018-10-01,100
INC110,2018-09-28,200
INC359,2018-12-18,200
DCyZqt7K5Rae,2018-11-30,100
t8kLAjlhHZgY,2018-12-30,100
7kSCmPchykMf,2018-09-06,100
CJ7olAmsBprX,2018-12-31,100
WE3x37iMJnEk,2018-12-10,100
MJzTbc2Jyco9,2018-10-10,500
qpw8uk1TIe47,2018-12-31,250
INC406,2018-12-27,500
N8crUFhbtfMX,2018-12-31,500
kxQFecxvCtn7,2018-09-14,200
OFWfHsJP6bWg,2018-09-07,500
HLtb53Wmgdbn,2018-08-25,400
bugazMMZnmfE,2018-12-28,250
INC353,2018-12-06,500
Hk6qx2DjhlmH,2018-12-30,250
gCp8FnTUFm8b,2018-12-29,500
INC266,2018-11-16,100
INC214,2018-11-13,-500
INC48,2018-09-11,100
INC80,2018-09-28,500
pM6BuJDH5U8P,2018-11-11,250
INC9,2018-08-22,500
INC264,2018-11-16,200
Abx5JglYgzhk,2018-10-22,500
26AkxQOs4mhH,2018-09-05,250
INC275,2018-11-28,100
R4Eeq44sRxhV,2018-10-04,500
gBxkvOEvIRHw,2018-12-21,250
INC91,2018-10-03,500
jwtsqUokewkW,2018-10-21,500
xIEfonMeBUm1,2018-08-23,500
INC373,2018-12-20,500
INC316,2018-11-30,500
INC114,2018-10-01,500
xhPLjlZgI91x,2018-12-26,500
INC415,2018-12-28,100
dwAY3nZuqIai,2018-09-04,500
8N7FF7isc2eR,2018-09-07,100
f4EdPl5HYTmk,2018-12-30,250
EtFScVJmDVMm,2018-12-30,20.19
ZAHIwezxF2hR,2018-11-26,25
XUhyhySXIRyn,2018-12-12,200
INC363,2018-12-20,250
INC403,2018-12-27,500
INC93,2018-10-04,100
INC65,2018-09-24,100
INC430,2018-12-28,500
ViZKGvJjqK7N,2018-12-31,250
inm88tic29qw,2018-12-23,500
INC103,2018-10-06,100
INC169,2018-10-24,250
CpGZ26rXBdno,2018-11-07,100
INC376,2018-12-20,500
LlTci3arwaay,2018-08-30,250
INC96,2018-10-04,100
INC75,2018-09-27,125
NK89gXExjV1M,2018-12-24,100
dQBJj1AyMG2J,2018-09-25,500
INC361,2018-12-19,250
lAtuYQpfGfa9,2018-12-23,100
ev4oyCspOugm,2018-12-27,500
UlrZdrVwQ83t,2018-11-28,500
cBr4jK1mEplp,2018-12-27,100
INC330,2018-12-07,100
INC43,2018-09-05,250
INC450,2018-12-12,500
YogfYatUv875,2018-12-30,100
SpfY82VXNODS,2018-09-26,500
INC448,2018-12-19,500
fHjw52rGgo2I,2018-09-24,50
INC325,2018-12-04,500
INC203,2018-11-09,500
jwWzyXbjVV8m,2018-12-20,200
INC274,2018-11-28,500
QLtlmVqxlk7i,2018-12-31,200
INC2,2018-08-13,100
INC409,2018-12-27,500
Yj5crjwcffEj,2018-09-27,500
cAgVoHLkjAYl,2018-12-27,250
INC322,2018-12-03,250
ERxcpEHkNVLe,2018-12-21,100
INC412,2018-12-27,100
t8nUTupbhiHW,2018-12-27,200
ofSgSo4oErpE,2018-12-17,100
INC74,2018-09-27,250
INC366,2018-12-13,500
7Y64hsGAGAUv,2018-10-03,500
INC358,2018-12-18,500
INC117,2018-10-01,250
INC23,2018-08-27,500
rc1cLeRJZSV6,2018-12-31,500
bVuRcVMCZl52,2018-12-26,200
INC42,2018-09-05,500
hjeplSACRzUi,2018-12-15,500
TeTVeKnUkHfM,2018-08-24,100
INC102,2018-10-05,500
INC14,2018-08-22,500
jjwErM21FtDi,2018-12-05,250
INC394,2018-12-12,500
qkphCImkXq1P,2018-10-03,500
jZhPiQ8gvxZw,2018-12-27,500
Z24mdWtD1cEg,2018-09-12,200
INC390,2018-12-07,225
ByFW9ZgYd8XJ,2018-10-24,250
INC400,2018-11-29,100
SeFlWvVLCSF6,2018-12-31,100
sMr5mqxl3Ckx,2018-12-31,50
INC1,2018-08-09,500
MdiQ6zi8HD7L,2018-09-28,500
nfithK437pKU,2018-08-17,500
meTpcpDTNRzy,2018-10-29,500
INC13,2018-08-22,100
t3smjpbyNzWt,2018-10-02,500
INC97,2018-10-04,100
INC425,2018-12-11,500
7JdmFG9rCUDy,2018-08-23,100
yDbcTEjS31eG,2018-12-31,500
IJhjBZG9KAwi,2018-12-12,400
5ya9pKwzUEFN,2018-12-20,500
INC278,2018-11-28,250
ESAZW385OW5J,2018-10-17,250
INC352,2018-12-06,500
uVgq6a8NBjh1,2018-12-29,500
Ylpd1wBWtGfo,2018-12-29,100
ihQwWFN5nDqb,2018-10-26,250
w7pZR8p1lTe1,2018-12-27,500
INC112,2018-10-01,250
INC12,2018-08-22,100
NlRdUhGSXz5E,2018-11-27,150
ZfQj7aLgpH2v,2018-10-14,200
pcESb1P4Tj6Q,2018-09-08,300
E7foNtfKhIiu,2018-12-09,100
INC309,2018-11-30,250
o4K1SsOOqnCY,2018-09-09,100
NWhAMSuYyj2B,2018-12-09,500
gfvSHdwJnOhP,2018-10-03,500
RCWR8XiKGfOB,2018-12-29,100
EEeGC5FUtdMz,2018-12-27,100
QEdGV2IaSG3a,2018-10-19,75
INC224,2018-11-14,500
BnD26j3sGkV7,2018-11-16,500
INC187,2018-11-01,100
INC426,2018-12-14,500
INC407,2018-12-27,500
INC197,2018-11-06,500
INC172,2018-10-25,500
INC301,2018-11-30,500
qGyYhIOni1yr,2018-12-08,300
INC179,2018-10-22,500
INC254,2018-11-16,100
INC222,2018-11-13,250
INC370,2018-12-13,500
INC328,2018-12-06,100
INC20,2018-08-24,250
INC200,2018-11-09,250
umG7wmTLUloW,2018-08-30,500
Ol76I5NSN3NX,2018-12-31,100
9GSdj69xOeek,2018-10-17,100
znhdAWRfkDjq,2018-12-27,100
INC491,2018-12-27,500
INC444,2018-12-23,500
wygYukEcI57q,2018-10-02,250
INC304,2018-11-30,500
INC303,2018-11-30,500
INC420,2018-12-18,500
INC282,2018-11-30,250
INC449,2018-12-19,500
INC443,2018-12-07,500
ckQz6uCbVVda,2018-09-17,500
INC188,2018-11-02,250
INC225,2018-11-14,100
INC440,2018-12-20,500
INC228,2018-11-14,100
A6tf5fUgVnCY,2018-09-12,250
INC310,2018-11-30,250
INC230,2018-11-15,100
IYjJcZkr2pId,2018-11-12,250
INC86,2018-09-29,100
nLhqdbaafMMQ,2018-12-19,50
SnUh3aCNOx6D,2018-12-29,100
Kic1IH4O43fx,2018-11-29,150
INC263,2018-11-16,200
INC387,2018-12-07,100
INC218,2018-11-12,250
INC421,2018-12-18,500
Hfl6SIwcnW8X,2018-12-14,500
uZ4eJu3ZFY4i,2018-08-24,500
INC83,2018-09-28,100
INC368,2018-12-13,500
jMMPbzgXh6nj,2018-11-30,500
LDmhk2LgvdYu,2018-09-14,100
INC447,2018-12-20,500
9XZkElp3HN9d,2018-12-19,500
nueIbJoVyDKb,2018-11-28,100
INC77,2018-09-28,250
77BNGMoEylYd,2018-09-11,500
wj6ylsCxr5Fh,2018-12-03,500
gh4e4xr3hmb1,2018-10-20,100
INC271,2018-11-26,500
1b9dLkGAdgeq,2018-12-31,100
INC434,2018-12-01,500
NoaqotcjHhjs,2018-12-31,100
INC319,2018-11-30,500
ixBwl2fuRnHN,2018-10-30,500
nxWenUyu91Pf,2018-09-13,500
MTKM6TctkinA,2018-10-02,500
INC53,2018-09-19,250
Ty6nfZg8GDAL,2018-12-02,500
INC223,2018-11-14,100
CYcsk1ZY8pce,2018-09-09,500
INC372,2018-12-13,500
ERfzFns9heKC,2018-11-29,500
DNOVoPZYOIPs,2018-12-23,500
INC49,2018-09-15,250
3P2hqeLtGq3F,2018-12-14,250
8oUkyZf2BXwQ,2018-11-17,500
jO9gUf5ycaev,2018-08-17,500
INC76,2018-09-27,500
H2NDhw5Ji6Bg,2018-08-29,100
INC111,2018-10-01,100
2yZU2cWffPtl,2018-09-11,500
nLXbysbk4Vvb,2018-08-31,500
4kDC9jhnGfkd,2018-10-14,100
vmzJvfwp3jjV,2018-12-26,500
INC364,2018-12-21,500
Kp2QBTpb9trV,2018-09-09,500
TbG9iWAZBl5D,2018-12-15,100
WPvGwr95kOsw,2018-12-20,500
luthTSjtBMko,2018-09-18,250
IndkQewzEXYf,2018-11-28,500
xw2GLtlOdG63,2018-12-30,500
INC121,2018-10-01,100
INC391,2018-12-07,300
INC106,2018-10-07,100
Ind3v4Ae1q5R,2018-12-12,250
INC279,2018-11-29,500
kqJVGkcvlzfj,2018-11-25,300
INC118,2018-10-01,250
XpZh2GrqCl23,2018-11-11,500
mF7T49gWkceX,2018-12-29,500
HZwfJreAfslc,2018-12-30,200
INC410,2018-12-27,500
wgvtglMFpuy8,2018-09-17,100
TTuxRumpROUV,2018-09-19,75
skiBOr5Rp5zB,2018-10-06,100
INC345,2018-12-12,100
kB8ikMY9qIo2,2018-12-31,250
INC6,2018-08-22,25
lhfMLeuXoz5k,2018-10-11,500
jAhwTPfWU3Cr,2018-11-15,100
INC251,2018-11-25,250
eklVAiLRPJFW,2018-09-12,200
W62LIrsuDfbX,2018-12-27,250
INC105,2018-10-07,100
UhkblClOQNVJ,2018-11-26,250
INC413,2018-12-27,100
INC252,2018-11-16,100
INC435,2018-11-29,500
INC257,2018-11-15,500
oxHEtTqIJLaa,2018-12-09,250
INC255,2018-11-16,100
INC306,2018-11-30,50
oma68aTDIVtI,2018-09-03,500
INC419,2018-12-17,500
cILLuLkhuuqp,2018-12-28,100
59rb4lCmCfPX,2018-12-31,500
ncF8BBdzcx3f,2018-09-19,250
INC277,2018-11-28,500
veB6oIFJO1pC,2018-08-20,500
dyqcVHqWXLjG,2018-12-28,250
CptETcahcHfR,2018-12-31,100
GHxhktaNWloY,2018-10-27,100
INC116,2018-10-01,100
X7QEX92tNVxe,2018-09-01,100
a7jntfMak1vB,2018-11-29,100
INC327,2018-12-05,500
INC193,2018-11-02,100
rqdzCP4ToJHu,2018-12-16,200
INC417,2018-12-30,500
INC98,2018-10-04,500
GVPaWs5c3eCG,2018-09-05,500
v8TgWpi5QuWe,2018-12-31,100
eO3jNlXjMxi9,2018-12-31,500
kLKw6cCKXGCm,2018-12-12,500
INC339,2018-12-10,500
CnV4r6chMdk9,2018-12-21,250
INC445,2018-12-20,500
INC349,2018-12-05,500
INC429,2018-12-05,500
INC348,2018-12-04,500
INC204,2018-11-09,200
rpcLqEYHFqEq,2018-09-07,100
sMXx8lvVGxm8,2018-11-26,250
ztUpQbpvQcGv,2018-11-16,200
INC258,2018-11-15,100
INC346,2018-12-12,500
INC55,2018-09-20,250
INC253,2018-11-16,500
INC369,2018-12-13,500
INC90,2018-10-03,500
INC422,2018-12-14,500
INC386,2018-12-07,250
INC78,2018-09-28,100
INC377,2018-12-20,500
DBI2S7k6sugF,2018-12-19,500
RUpqBx1OMinx,2018-12-07,100
INC196,2018-11-06,500
bchJXxjkrzqW,2018-11-22,100
vasWTj274YsD,2018-10-18,500
2BqVnr6P8tVp,2018-08-23,500
vVnfjsJIBTT2,2018-12-07,100
xitYEdEOGoWs,2018-08-21,475
YtgCGhxr3jIK,2018-12-23,500
INC166,2018-10-15,500
n3qKvjxoHvue,2018-09-28,250
5deEp799gCVz,2018-12-22,400
INC360,2018-12-19,100
INC47,2018-09-11,100
L11ptegZ9PiK,2018-08-31,500
P11rLbDmmbS2,2018-12-12,250
eIuFIlEFkTrl,2018-12-27,250
INC340,2018-12-12,500
INC260,2018-11-16,50
INC442,2018-11-30,500
49fFvMhQV1jW,2018-08-22,100
etADf2zAUDt9,2018-12-27,100
EkU2Ovmxv2j2,2018-09-28,250
INC395,2018-11-28,500
EenwmBxNPPxf,2018-11-24,100
INC388,2018-12-07,200
INC428,2018-12-05,500
INC232,2018-11-16,100
sFBHKVLNRkb2,2018-12-30,500
INC404,2018-12-27,500
INC354,2018-12-05,500
bFcV95rxekcc,2018-12-26,500
INC199,2018-11-09,100
AmdpjLPw9llT,2018-12-27,500
aivToJJLoxWC,2018-11-18,500
INC162,2018-10-11,100
INC104,2018-10-06,500
GhOKbUF7GgMz,2018-10-01,250
pMWmf1EEKTm9,2018-12-27,250
INC54,2018-09-19,250
S4aOnZvqverC,2018-12-27,100
INC22,2018-08-25,100
INC18,2018-08-23,250
INC329,2018-12-06,500
5S8Pond1BgDI,2018-11-29,100
wUdMYepLb8rn,2018-09-15,500
INC108,2018-10-08,500
INC57,2018-09-21,500
INC227,2018-11-14,250
INC284,2018-11-30,250
XsHqFikAobZo,2018-11-11,100
INC259,2018-11-15,250
INC58,2018-09-21,500
gKVZieYYf1Vl,2018-12-31,250
ojNbsTR6A4Bz,2018-12-03,500
INC11,2018-08-22,500
eNmHQ4GZPYxZ,2018-12-05,100
INC69,2018-09-25,100
g6Jl4Qo6LAFZ,2018-12-23,100
8wmMNANrJtaO,2018-10-25,500
INC229,2018-11-14,100
INC424,2018-12-19,500
INC446,2018-12-22,500
dpRTbnGmvxc6,2018-08-24,500
fEaO9foHiLcr,2018-12-10,500
CGQ6gxM48ENf,2018-09-05,500
INC423,2018-12-19,500
INC431,2018-12-28,500
INC311,2018-11-30,500
xAP7cUHq3ODm,2018-11-01,250
INC92,2018-10-03,100
Y7hT5rZSiNdP,2018-09-12,500
OtyANIk64bpZ,2018-12-24,500
INC433,2018-12-21,500
6bbcZpN19MDK,2018-12-02,250
INC371,2018-12-13,500
INC280,2018-11-29,100
INC186,2018-10-31,100
INC183,2018-10-30,100
pI7MXj5OdoGP,2018-12-27,500
mGlCD1JYK7DD,2018-12-07,100
ScMHXeOMpZqJ,2018-12-23,500
QJYQG1yFgPYn,2018-08-23,500
INC233,2018-11-16,250
HCBWiASlLQuY,2018-12-16,100
9fHq2lbczDGs,2018-12-30,100
Rc3KKgqObemT,2018-08-29,250
pwF6PPyVLifM,2018-11-21,400
INC45,2018-09-06,500
8Bkhj4Xa8rYz,2018-08-28,50
5fetOqrhDGLk,2018-11-28,499
9lk25WpqL5Sg,2018-08-18,500
INC408,2018-12-27,500
eaDn6jj265Oy,2018-09-09,500
INC285,2018-11-30,100
HeDiiNqe8Xab,2018-12-30,500
ZVG2TerwVk4n,2018-12-28,400
INC177,2018-10-22,100
INC164,2018-10-02,-500
EFF9ldsl158G,2018-11-28,250
2VpoJugDcdY3,2018-10-18,500
INC207,2018-11-11,100
INC119,2018-10-01,300
INC351,2018-12-05,500
cOiL1FFODMdx,2018-08-24,250
fEFOnQkxxDEk,2018-12-30,500
3gliJYbDU2mD,2018-11-07,100
Iei4BfcuBMbi,2018-12-03,100
dcifUIxgiT3p,2018-10-16,250
EoBdkuvesUEM,2018-12-13,500
ThLTudW6akWr,2018-09-11,500
2PSscG6JNEjc,2018-12-31,50
bYDgxmmwRhP3,2018-11-19,75
INC286,2018-12-02,500
INC167,2018-10-19,250
INC276,2018-11-28,100
INC315,2018-11-30,500
INC100,2018-10-04,250
INC33,2018-08-30,500
Y7Z8hthwETam,2018-10-19,140
INC109,2018-09-28,100
IJDkD9c9sJxF,2018-10-17,250
W9Co1aqzDjYE,2018-10-25,500
Spgjz8m6L8Kz,2018-12-19,100
INC194,2018-11-03,100
gk9DkgcuaCxo,2018-12-16,100
jZrwCT9oH1tP,2018-12-31,250
INC337,2018-12-10,500
frT6VLoRAoip,2018-12-12,100
JTRqtyyCByWf,2018-11-23,250
INC350,2018-12-06,500
rn5hjuyA8Nyb,2018-12-31,100
e5GZaXeW6grE,2018-11-21,500
fCJh1E7cicnj,2018-12-12,100
a4r581IPakTT,2018-12-30,250
kICktAFKRRif,2018-09-02,500
nhHOURBzE4og,2018-12-30,500
INC411,2018-12-27,200
INC341,2018-12-12,100
INC356,2018-12-06,500
ghLXeSbpzGxi,2018-08-31,250
INC418,2018-12-31,100
INC318,2018-11-30,500
tae9Bcmrs475,2018-11-02,100
bEedEOeqPTTx,2018-12-31,-100
INC213,2018-11-13,-100
INC365,2018-12-22,110
lyjOU9xLewcZ,2018-08-22,100
Cm7xFIh5sU4x,2018-11-30,200
2aKWM2NbWNHb,2018-10-10,200
LxpFYh7evLEx,2018-10-11,50
ejZ9uDQSACcs,2018-11-10,100
INC205,2018-11-09,50
INC267,2018-11-16,100
atPy9umLkunf,2018-10-02,500
INC451,2018-12-18,500
INC192,2018-11-02,250
EpLGKwirNfkE,2018-11-16,100
INC314,2018-11-30,500
3cDEJGREhtnv,2018-12-30,100
INC88,2018-10-02,100
INC302,2018-11-30,250
INC95,2018-10-04,100
bHZnEKDpq9xB,2018-12-28,100
GQSNbj8ofIec,2018-12-31,100
INC367,2018-12-13,500
3sr1USkjlljX,2018-09-29,50
12XsGVomJKjx,2018-12-30,100
INC375,2018-12-20,500
HPxPwWcPgqod,2018-12-31,100
INC234,2018-11-17,250
rlXYGfj8UehZ,2018-12-30,100
WZY1dzGOIokt,2018-11-14,500
INC70,2018-09-26,250
INC273,2018-11-28,250
It93vBcikuIV,2018-11-15,100
INC34,2018-08-31,250
FPCy2ipdmTg8,2018-12-30,100
INC344,2018-12-12,500
INC320,2018-12-03,100
OLjkhKFBcb1c,2018-10-14,200
INC326,2018-12-04,500
fWLdqXHxrKpm,2018-11-10,100
LgfW1QwGZDdi,2018-12-28,200
w7344mJ8Vsra,2018-12-20,500
JFXIdGTZZupe,2018-09-11,500
JIh8gi9DPuPG,2018-09-10,500
INC281,2018-11-30,500
XRw3GoQBlAEz,2018-12-30,100
s3xFnBsXLXES,2018-12-18,500
swzTaE4ia6Jn,2018-09-05,500
INC115,2018-10-01,100
mpEFU1OvVSgd,2018-10-08,500
INC61,2018-09-23,100
INC19,2018-08-24,100
pk4wyd78cQFC,2018-12-31,500
59wnCcrdft8L,2018-12-12,100
INC67,2018-09-25,100
fafrZhI83mGG,2018-09-22,500
plWjInoG1sFD,2018-12-04,50
INC399,2018-12-14,350
2nIgKhheT9Ja,2018-12-02,100
INC268,2018-11-16,150
INC416,2018-12-30,100
INC355,2018-12-05,500
ixUsav7DLJpJ,2018-10-25,500
INC439,2018-12-20,500
xf3DPEHggapz,2018-12-30,500
INC378,2018-12-20,500
INC414,2018-12-27,250
INC60,2018-09-22,100
WNFIoy55jCpz,2018-09-05,500
XoSuWGctoCJL,2018-09-14,250
INC206,2018-11-10,150
yUO4gEFlT8RF,2018-12-31,500
I2NX5JXTrf8y,2018-09-05,250
INC122,2018-10-01,120
INC438,2018-12-22,500
Gwn3isyqYTvd,2018-08-07,200
RaiZNxiwXAKb,2018-12-14,500
INC298,2018-11-30,500
YDhdHv19kM3j,2018-12-31,250
g3N9lWrqeUgg,2018-12-19,100
cya1ap3QlIQb,2018-12-31,250
INC385,2018-12-13,500
INC343,2018-12-12,250
INC432,2018-12-23,500
hxEH8awA4vd7,2018-11-25,199
9rFNrYkXw1ix,2018-12-27,100
Hl9gCA8ZyJok,2018-12-07,100
INC305,2018-11-30,500
4QRKFEcCR6vf,2018-12-18,500
1ztgF4pJhJFQ,2018-11-11,500
INC347,2018-12-12,500
z5J8zr7RDX9X,2018-12-31,100
eRg2FeIlYAMP,2018-12-27,400
INC338,2018-12-10,100
ODc9A4Wme6lW,2018-08-25,100
INC120,2018-10-01,25
9wYnpjiKyic8,2018-11-10,500
1nYrLwcBvnUo,2018-11-25,250
mtbYuhCkWO9r,2018-12-30,200
INC17,2018-08-22,500
INC437,2018-11-29,500
EcUcZ4iDBOH4,2018-08-23,500
9aXNOB3XHAug,2018-08-17,500
I4sw2Mpw7AHE,2018-12-27,200
INC21,2018-08-25,100
ibnuT1b782nE,2018-12-23,200
2XP8NwubhC6V,2018-12-22,500
3I2YTCCGBRfH,2018-09-15,500
INC321,2018-12-03,200
INC73,2018-09-27,100
NVEeTilkv8cz,2018-12-18,250
VQFXNMrSEDFR,2018-11-14,500
INC68,2018-09-25,200
oApiP97vvByp,2018-09-01,500
INC283,2018-11-30,100
3fhmkKQiCHh4,2018-11-17,100
INC308,2018-11-30,500
INC191,2018-11-02,25
INC190,2018-11-02,100
INC66,2018-09-25,100
INC312,2018-11-30,500
hoZmb6oklVap,2018-09-28,100
hnz9VNqYAB9T,2018-12-31,350
j4sLMJQjLpv8,2018-10-26,500
INC99,2018-10-04,473.27
EvNULUeLeXji,2018-08-22,500
B6btnoghOkE3,2018-10-10,500
XS2kfr4lgJ1Y,2018-09-18,500
3RtGHYuvX3na,2018-12-19,75
pP1kenJAbiHA,2018-12-31,100
aGwEDnzW2w1F,2018-12-12,200
INC436,2018-12-18,500
INC101,2018-10-05,250
INC441,2018-11-30,500
lR4n1tKHGT1H,2018-11-24,500
MVAR1a2IRwj4,2018-10-23,500
5bJONewLrKRC,2018-12-31,100
bChawoVfUulI,2018-10-07,100
Nop1cG2QXbxa,2018-10-18,250
nqGOdjAoN6ad,2018-10-08,200
INC85,2018-09-28,100
1tgHjS5mRcE8,2018-11-24,100
Aa8jJ943KxvM,2018-08-31,100
Hv44jdznkVPO,2018-09-11,100
tPxatgCvLlzC,2018-10-01,500
jH4mStfgkvA5,2018-10-21,500
gRovfPw4Hco9,2018-12-02,250
INC374,2018-12-20,500
INC56,2018-09-21,250
INC72,2018-09-27,100
yKjjuXiXBYMx,2018-12-03,500
tlLCgfMNSJCf,2018-11-25,100
yixpuxNQQfyQ,2018-09-03,100
INC195,2018-11-03,100
NAwwHP5YygPE,2018-12-31,250
bLWreMjkj3El,2018-12-16,100
n9fMSPeYYW3W,2018-12-31,500
INC89,2018-10-03,250
wNc6ljVOqRu6,2018-12-30,500
INC959,2019-04-17,500
EttWnDnFbbU4,2019-05-20,500
INC797,2019-04-09,500
INC522,2019-01-23,100
INC592,2019-03-02,100
INC552,2019-02-18,250
6aHhHFa7EkMr,2019-06-30,100
INC542,2019-02-13,500
wB4khKGHIJtM,2019-02-06,200
ntEwhsJWE2tL,2019-06-26,100
6mCXCuaKT5Fb,2019-06-28,250
INC1224,2019-06-14,100
SuqLwDVoNau6,2019-06-29,300
INC788,2019-04-10,250
4lnsOmeYfxVE,2019-04-22,500
5kxHYKMQvoDw,2019-06-06,25
INC806,2019-03-20,250
A3JM1X42vK2N,2019-05-20,250
GUybRp7i3ryb,2019-06-01,50
INC705,2019-03-14,250
INC1339,2019-06-26,400
INC533,2019-01-23,500
PhtVkmXcgw6g,2019-06-21,100
INC706,2019-03-06,500
hOIgVfzehf4y,2019-05-22,100
INC971,2019-04-25,50
INC673,2019-03-13,100
INC1317,2019-06-30,250
INC1017,2019-05-06,100
kfwjRdMJETiu,2019-06-17,100
INC650,2019-03-06,500
INC640,2019-03-06,100
INC976,2019-04-25,250
7ja6o5TBtVR8,2019-06-06,100
INC526,2019-01-23,500
Ko1M8HElWaDS,2019-06-27,100
i9s79hBHeHJ9,2019-04-26,500
QHFAikLAOtp6,2019-06-30,100
INC1084,2019-05-08,100
Tf2nOGvmoKZ7,2019-04-16,200
j3AebLi2AM7W,2019-06-17,250
MF8HEYsZK3w8,2019-06-21,50
crfr4OWrtoRf,2019-06-30,100
INC708,2019-03-02,100
INC694,2019-03-02,250
INC1154,2019-04-17,500
bmBK4GNApzeK,2019-04-16,50
INC1078,2019-05-18,100
AwCcyzBfv8LM,2019-06-30,500
INC1025,2019-05-10,100
uV71WbPIWwFi,2019-06-12,250
INC1150,2019-05-23,100
iHFv6d3smMbE,2019-05-17,50
INC740,2019-03-13,500
PfX77SuIXfSZ,2019-02-01,200
zMVEOYDTUjHW,2019-06-28,500
INC1033,2019-05-08,100
TRhzH4Jj1yQj,2019-06-29,500
GMjc5eZrUiuJ,2019-06-29,300
INC1092,2019-05-08,100
psHCFtMr9NUq,2019-06-22,100
INC734,2019-03-14,250
INC994,2019-04-30,500
IwLiY7oX7WwR,2019-04-05,100
7zgbjwa5vARe,2019-04-15,200
INC1079,2019-05-14,500
4kO6acK8p53t,2019-06-06,500
pPbvctXBsMFP,2019-05-08,100
j2bH3FcWwDw2,2019-06-02,300
HDliAyfwKWKA,2019-05-09,100
INC995,2019-05-05,100
XKdcUsrfmXIA,2019-04-15,25
oePAvHB3Id1i,2019-01-29,20
INC737,2019-03-14,500
WgQQ59UWVs9k,2019-06-29,50
INC774,2019-04-06,500
INC1263,2019-06-21,500
INC992,2019-04-15,250
iK2gchbxawRU,2019-06-20,100
LBrgxoieiKy6,2019-06-17,100
chUN7UXePaIL,2019-05-25,250
UBxY337j9a1W,2019-04-27,100
MG46zTtpLi8P,2019-06-30,250
D735JS4HIZbk,2019-04-08,100
UMu7PyYYrxOc,2019-01-30,200
FtgnmwNUmYVQ,2019-02-08,100
d3rRwMK5TQ9b,2019-06-25,100
INC531,2019-02-04,500
7gvrNdZwRJrY,2019-06-20,100
a4uaT6WO4xzW,2019-01-27,100
P1HBFrXncbHF,2019-06-21,500
Ksnw5Hbaa2LK,2019-06-01,150
INC558,2019-02-25,-500
XGjy8pSnkCxE,2019-06-29,100
dMTePu8TQWyf,2019-06-29,500
INC1330,2019-06-28,120
INC1160,2019-04-17,500
INC1106,2019-05-02,250
INC571,2019-02-22,500
ZDocenrpoRX6,2019-06-29,400
Rfky7b6fNaeC,2019-06-17,200
1uTzdLVinGS9,2019-05-23,500
INC949,2019-04-17,250
INC1002,2019-04-29,500
INC1037,2019-05-07,500
cxtqA4966mlZ,2019-02-19,75
1LS2eYEU9DJu,2019-06-29,20
INC530,2019-01-23,100
N7Nf4H5qZFu2,2019-05-31,250
INC627,2019-03-03,250
INC723,2019-03-14,250
INC739,2019-03-14,200
INC1046,2019-05-08,100
7fH85HSQZpov,2019-06-17,500
mATC4tCqLmcS,2019-06-30,250
7XEF3GSlRylU,2019-03-24,500
psbIZRTAFp3w,2019-03-29,20
INC1219,2019-06-15,500
INC465,2019-01-01,50
INC1301,2019-06-26,500
INC1230,2019-06-11,100
INC1041,2019-05-08,400
INC1312,2019-06-30,25
INC695,2019-03-02,250
INC1019,2019-05-08,100
AejEJrP6UYjL,2019-06-06,100
NhO7KeHujsNO,2019-06-30,50
9wbnGY5jmkwc,2019-06-19,50
kMjq8EOiuWRM,2019-06-21,50
NJp94kDZ2eLe,2019-05-24,500
INC641,2019-03-07,500
INC512,2019-02-10,500
INC639,2019-03-10,100
INC582,2019-02-22,500
INC492,2019-01-02,-500
JwBLezWH7fCd,2019-05-31,150
J8iOBhaIbQiq,2019-06-30,50
INC635,2019-03-08,100
BkXxRd2blXRj,2019-04-06,100
faOvmV1iBcGI,2019-03-04,100
CuKboISjrtF2,2019-05-24,500
INC747,2019-03-14,70
5VnZVMypRYns,2019-05-22,-100
iFAQO2OvbIhK,2019-06-29,100
YFvvXOMlPhB2,2019-06-24,100
2bYrPukdmhJp,2019-03-21,500
AabcHSVbOIjq,2019-06-30,50
INC577,2019-02-22,500
INC1021,2019-05-09,500
INC698,2019-03-14,250
aXApDqo8hJHw,2019-02-06,500
INC1328,2019-06-28,100
9M728viatQ7B,2019-06-21,200
D4HfBGljAhQy,2019-05-31,100
uQ7G3Tyj7Nwe,2019-06-18,500
INC495,2019-01-18,500
INC1234,2019-05-28,100
j168FO66AGm5,2019-06-03,200
INC638,2019-03-05,500
INC972,2019-04-25,100
INC1329,2019-06-26,250
y3m34in2SE6a,2019-04-17,100
BBVzkcBejFl5,2019-06-20,100
INC1162,2019-04-15,500
CnNRKE7ue7Kf,2019-01-07,100
kaUS8Ne7vVv6,2019-05-18,100
KMLATqxs5IX3,2019-06-29,300
nVeq17hATsvb,2019-04-18,50
INC1159,2019-04-14,500
OwXQrgFGXiWO,2019-04-03,500
IUrNmVfKVbYG,2019-06-20,100
INC675,2019-03-17,100
INC808,2019-03-18,450
INC720,2019-03-14,250
FQ9F6PS2Ze5l,2019-06-20,200
INC1004,2019-05-03,250
INC1260,2019-06-17,100
kDgq183ngYCY,2019-06-22,500
BkYiELGEjp5v,2019-06-08,35
lsdLWQ2LJOG7,2019-06-26,50
lzJnW7cSi7F7,2019-06-26,100
g5AylGNeNqQB,2019-06-19,100
mIYbGAGf55IS,2019-05-31,500
INC688,2019-03-21,500
leSGbaBNuvIu,2019-04-25,500
INC991,2019-04-15,100
EEdU8HNyzjHB,2019-06-27,100
INC752,2019-03-27,25
INC1036,2019-05-08,500
ffjUamias8F3,2019-04-04,500
INC970,2019-04-17,500
YdhwC66zNThU,2019-06-13,500
IR1s71E1e5VP,2019-06-25,150
PiuVCB3oEqdl,2019-04-02,100
INC567,2019-02-22,500
aS1rtbNGUdoz,2019-05-23,500
wSci8WciBHlb,2019-06-10,250
3du5KQRRZePM,2019-06-17,150
T263HVxr9o9U,2019-03-29,100
PHqcQbQQHsyK,2019-06-20,250
tCh3118fd1iT,2019-03-24,500
INC1223,2019-06-11,100
NDsVKIfbI9We,2019-05-31,100
INC754,2019-03-29,250
YScIVDvKhi7Q,2019-04-08,250
Hohm8GDJ52US,2019-06-27,100
st2OdYuebbbt,2019-02-02,50
bitvSBnG7qIu,2019-05-24,250
Aq5Wt7QniKbz,2019-06-12,500
hWKau9i1cRMg,2019-05-31,500
INC783,2019-04-10,100
rxYfLVzPqcSE,2019-04-16,50
Uzn9oZW1x8dZ,2019-04-08,100
a5m7BmdCsAgv,2019-03-07,100
INC666,2019-03-17,200
INC1313,2019-06-30,100
SMZvgh4cePYx,2019-04-27,100
INC703,2019-03-14,100
INC968,2019-04-17,500
INC735,2019-03-14,500
INC652,2019-03-07,250
INC580,2019-02-22,500
yGmNWAi7bboh,2019-06-02,500
ffg37c6xGFaT,2019-06-20,250
aracXBlx9EL5,2019-03-03,50
PYjmAU3qNkSC,2019-03-03,100
aMDI3H1Yu127,2019-05-31,200
y9vjNkTiRiBn,2019-05-22,500
INC1161,2019-05-09,500
INC1010,2019-05-03,500
i1TUuqYdtJnL,2019-05-31,150
INC584,2019-02-22,500
INC729,2019-03-06,500
sgYOIvfTcWhW,2019-06-25,50
INC1270,2019-05-08,500
APN8SHb5th4g,2019-06-21,100
rhH3YaBataRJ,2019-06-27,500
V425TTsAzIXf,2019-06-30,200
fHvQtYQv4h46,2019-05-29,100
vxVdjBeXgUmr,2019-06-20,50
lIKihVLFqWzc,2019-06-26,100
INC1023,2019-05-11,400
INC669,2019-03-13,100
INC569,2019-02-22,500
8yRSrLb8woTE,2019-06-06,50
INC725,2019-03-14,200
9tZIJgD4JXnk,2019-03-08,200
qsyR5EeUKFeH,2019-05-31,100
RPaDHUa9LmnJ,2019-05-15,250
INC973,2019-04-25,100
eOyUIYIBqQtk,2019-01-13,100
GoQWeVV5PWFR,2019-04-23,500
INC941,2019-04-16,100
INC1227,2019-06-15,500
9Q6Az6f41XUw,2019-06-06,100
lxQjvtjt45qw,2019-06-29,50
84Ttih8rqbN5,2019-06-30,100
INC1216,2019-06-05,250
INC697,2019-03-07,100
INC589,2019-02-28,500
INC651,2019-03-10,100
INC1327,2019-06-24,500
INC717,2019-03-06,100
INC713,2019-03-14,100
INC554,2019-02-22,250
eogFW2EbQLZU,2019-06-07,500
kXmpbewRxmhD,2019-06-17,50
INC726,2019-03-14,100
T8Sfm79BZZj4,2019-03-15,100
INC710,2019-03-14,100
INC643,2019-03-05,500
INC572,2019-02-22,500
Ig33TQHOVBNx,2019-02-25,50
lWbzIfjiwpLJ,2019-06-19,150
INC977,2019-04-24,100
nzMTmve8zZQJ,2019-06-25,200
BGGH7fojUKkc,2019-06-04,100
lFkbl9dWkBNb,2019-04-04,500
INC1001,2019-05-01,100
HqeePC5QeHf9,2019-06-26,100
awwlOpXWHqdV,2019-05-21,100
4LqZMUkUhJDl,2019-01-31,100
INC801,2019-04-12,500
INC496,2019-01-29,100
INC1146,2019-05-22,100
XF2y7wl7cpiv,2019-04-28,150
INC1111,2019-05-09,150
INC1005,2019-04-30,50
SCgEeyjOhqtj,2019-05-10,100
INC781,2019-04-12,250
INC1099,2019-05-08,250
nA53HmXaPC4y,2019-05-22,500
a8qmkmEFHKbh,2019-05-31,100
INC1226,2019-06-13,250
IA1FiMD2W6Zx,2019-06-26,100
SXj2MyQOy4Ys,2019-04-29,100
mmc8PNlyCzUi,2019-03-08,100
9sk5D3OAg4PN,2019-05-31,100
pRWhBZPPY1rZ,2019-06-30,-100
INC1247,2019-06-07,100
2USzCIXw9uSn,2019-06-30,500
INC966,2019-04-17,500
TpM3oUgccPvY,2019-05-23,350
INC944,2019-04-18,500
udBPheMU6r5g,2019-06-03,250
AG8WPRgURyTe,2019-04-30,100
INC1029,2019-05-07,500
huZ74gMLdnrg,2019-05-29,250
dVRdVzEmPWjh,2019-06-12,100
O8j3h5AqlWK5,2019-05-26,500
AAsYn4V7SjaR,2019-06-24,500
neO1lURjjMEG,2019-01-17,300
y11aXePVa5LN,2019-06-01,200
W8R8of3SuR9z,2019-01-01,100
FpXhgrHeZewg,2019-01-19,75
s75gAv2EHhr3,2019-05-31,100
UnSNXYucAUWG,2019-06-20,100
INC1091,2019-05-08,200
INC583,2019-02-22,500
dHuZmyycdXo3,2019-06-24,500
V6LToqJbSyID,2019-05-06,500
VrIDhZxlSczL,2019-06-12,200
soX748pOhTSW,2019-06-29,50
efsjUghQgjmC,2019-05-08,100
INC671,2019-03-14,500
oJ3vD5afqGBY,2019-04-30,100
sqnthCTtzs4p,2019-06-18,100
cyZ87FzQUtkF,2019-06-30,125
INC1086,2019-05-08,500
INC629,2019-03-03,100
cvSGp9gu7GLo,2019-06-17,100
INC1268,2019-05-08,500
INC574,2019-02-22,500
INC1009,2019-05-01,450
ly4Z7UT8OOYr,2019-05-29,20
pbS5oYq6iilS,2019-05-31,100
INC568,2019-02-22,500
wbKmAHHeosf7,2019-04-23,500
INC1118,2019-05-18,250
INC727,2019-03-02,100
ct2Qn9XkO9PT,2019-06-21,100
INC535,2019-01-23,250
oxsJAZu8UYTu,2019-03-01,20
INC696,2019-03-02,250
INC573,2019-02-22,500
skqb9UQJDwsd,2019-03-31,500
INC663,2019-03-14,100
BQDEAqAiYsA5,2019-05-14,500
INC799,2019-04-08,100
8nWqpkRgzaxr,2019-03-31,50
INC1303,2019-06-28,100
R6LZjrsjuO9W,2019-05-28,250
qRpBhAHdJoWg,2019-01-01,100
INC953,2019-04-18,250
sPhIup2fqV5U,2019-06-30,-20
J8J3fLd3DQXL,2019-06-27,100
O6Dviki3NNfA,2019-05-05,250
vqalp6pEQbxi,2019-05-07,500
INC1093,2019-05-17,500
72JMmtRbWLmG,2019-04-06,100
X7yRGCqmvbWy,2019-03-08,100
tD8R6Q7U8grn,2019-06-06,100
bshbHebuF4gs,2019-05-03,500
JFxTUduzfoe3,2019-06-30,100
Tegde2sFpm3F,2019-05-28,100
iCwZYhG1xl1W,2019-06-27,50
INC712,2019-03-02,500
iQ4ldvwX5LQO,2019-04-28,50
OPIjWOkopgsh,2019-06-30,100
BHRSgJmPVNbu,2019-06-24,400
Vln76pJJTODt,2019-06-10,100
INC975,2019-04-25,100
e8VUzZwrTqtw,2019-05-18,50
INC1156,2019-05-21,500
63TS4pzCXTAZ,2019-05-29,250
IchBzuBBQhPo,2019-06-17,300
INC1220,2019-06-14,100
INC709,2019-03-06,500
INC731,2019-03-02,100
4oClBl1N6DFJ,2019-02-25,150
nSbRedkpGPCa,2019-06-30,500
UXAkFigLhReZ,2019-06-21,100
oDfkbxhCLjDK,2019-04-27,250
vUKOrcENDLy3,2019-06-06,100
9bckuhavG5SQ,2019-04-15,500
INC967,2019-04-17,250
INC937,2019-04-17,250
RkCXiOUu6oQi,2019-06-09,80
INC1332,2019-06-26,50
3iqfuHyVm8Md,2019-03-21,27
ovnk7pIJCYgT,2019-05-30,50
TNNPgDclmXOT,2019-05-31,100
INC1103,2019-05-17,50
INC581,2019-02-22,500
INC993,2019-05-02,500
er8QdPGCPukV,2019-06-12,250
INC1043,2019-05-08,150
INC1082,2019-05-09,500
exxZTwGqlVH9,2019-06-29,500
gQ9jJg6hQmF3,2019-06-30,100
INC814,2019-03-28,500
INC1006,2019-05-05,25
9RNKUYJP9XAA,2019-02-28,20
INC943,2019-04-17,500
INC653,2019-03-08,100
rV3TV9EbYabk,2019-04-11,100
oh5DmljbhkmM,2019-06-19,100
INC1026,2019-05-08,100
INC518,2019-02-09,100
Gft1cB4M477B,2019-06-03,50
5TylsQOYxujT,2019-06-20,150
tTBE5iCpaRxb,2019-06-30,100
f67RlTkWccaA,2019-04-18,250
INC1085,2019-05-09,500
3bplOldRZjtx,2019-02-22,100
INC1100,2019-04-17,250
iaPCJLtu4mb4,2019-05-01,50
INC515,2019-01-23,500
HnwAGfZSuzeM,2019-02-25,200
VrNBdGJhPntI,2019-06-30,200
INC529,2019-01-23,500
INC1008,2019-05-03,500
INC646,2019-03-07,500
INC964,2019-04-17,500
INC1318,2019-06-29,500
INC1145,2019-05-20,250
5ViIsdJ6YBBd,2019-04-19,200
ehfjDZc1BUFx,2019-05-16,150
IbvhOTfr4jaM,2019-06-19,200
INC1249,2019-06-15,400
INC553,2019-02-19,100
cMguaeUxfgM4,2019-04-12,500
lkGzgWs977Wa,2019-05-18,100
jebM6PdJF2yZ,2019-05-18,500
INC1233,2019-06-07,100
INC741,2019-03-02,250
INC810,2019-03-20,250
Ncs9KVAcK1Ic,2019-06-30,250
INC1307,2019-06-28,100
INC758,2019-03-25,100
INC1267,2019-06-21,250
INC618,2019-02-26,100
sce1St4gTOXJ,2019-03-18,500
4On4yLsrBkw5,2019-05-31,100
INC516,2019-01-23,500
AZupdTAX2T22,2019-05-31,500
PQhOo8A7sCOR,2019-04-20,100
INC721,2019-03-02,250
INC532,2019-01-23,500
INC1215,2019-06-06,100
D4JLcrOHEjII,2019-06-20,50
qyl6JqmAtpyb,2019-05-18,82
INC802,2019-04-08,100
3f15eT958ZRf,2019-05-28,500
2eh3SK6wfrTX,2019-03-29,100
HsYlWf9DMcvz,2019-06-20,100
kY6sWjwOIlO8,2019-02-25,200
fUSeApJUhdIo,2019-03-13,100
INC1034,2019-05-08,100
INC631,2019-03-13,-500
INC628,2019-03-03,150
swCUY2KhUI8K,2019-06-28,500
INC950,2019-04-18,500
fVZAQNh6Niqj,2019-05-10,100
INC1149,2019-05-20,100
9uM1HAvaCb5L,2019-05-30,100
pQWdmoyFCBaP,2019-06-26,100
bU6Xy6dCalOz,2019-05-18,150
fbNZcoc89tNI,2019-06-29,100
INC466,2019-01-04,250
INC544,2019-02-16,100
INC733,2019-03-14,100
Ol82qwpB1w7G,2019-05-23,500
INC1073,2019-05-09,500
1C77baIhKqdK,2019-04-30,100
INC538,2019-01-23,100
L9qvvT1uf4bN,2019-06-03,200
INC818,2019-04-10,500
INC575,2019-02-22,500
bTh29iFQwslj,2019-06-21,100
INC1340,2019-06-26,100
mOrBOgHHAElt,2019-06-28,100
INC960,2019-04-17,500
3bawBAAhVO1H,2019-05-14,100
INC524,2019-02-10,250
luIjkGsxXMG2,2019-04-25,50
ar9rcjBvMA6A,2019-03-08,100
INC543,2019-01-23,500
INC1075,2019-04-04,100
INC813,2019-03-28,100
INC521,2019-02-09,250
hWQb4kIyudo5,2019-05-17,100
VVhh7vDrtkwI,2019-02-10,100
sfVDqugul6be,2019-06-29,100
GNPGghmcdWYe,2019-06-30,200
SYjNkWp5Hy68,2019-06-30,250
8ddhKA8mvvFy,2019-05-21,250
INC513,2019-02-04,500
uh9b5kiSKC3j,2019-06-17,150
INC946,2019-04-18,250
INC1080,2019-05-15,500
INC1248,2019-06-07,250
FJObBibHcKyV,2019-04-17,250
INC1072,2019-05-09,500
INC715,2019-03-13,250
INC997,2019-04-30,250
1rZdBTv8RCXq,2019-06-19,500
INC1338,2019-06-21,500
hIzs46FoyAXN,2019-06-29,100
INC1045,2019-05-07,500
INC493,2019-01-17,250
cdBA2FrBlM6H,2019-03-14,500
cftjLoewQJ6q,2019-06-06,150
INC566,2019-02-22,500
YQl3iw9WY2fs,2019-04-24,100
KfwX3XASqPbN,2019-05-20,250
INC1305,2019-06-28,100
INC617,2019-02-26,500
INC816,2019-03-28,500
INC965,2019-04-17,500
fOydPTYzL2Ag,2019-02-02,100
OBigIWiXgDqE,2019-05-14,200
UCjvMMLvwskK,2019-05-30,500
INC625,2019-03-02,250
INC938,2019-04-17,500
LeOHNwwnMLSz,2019-05-09,500
INC809,2019-03-20,500
INC1096,2019-05-18,250
INC1343,2019-06-21,500
SR5pP126G4tB,2019-05-20,200
1UbjyAAeDpEu,2019-06-30,50
2KTJnllc6ybW,2019-06-19,100
6WqWO17QLAJW,2019-03-01,20
51znnyqrZ43Q,2019-06-12,250
pfLnUaWVB9fd,2019-06-18,100
INC623,2019-03-01,100
OUsBwjMjGVgi,2019-06-26,50
INC744,2019-03-13,500
AVArS8UYywEh,2019-06-27,500
SuXUSlHRmwie,2019-06-30,250
n9In4Vp5eq4K,2019-06-12,100
INC523,2019-01-08,100
GgsXdsBX1LEI,2019-04-26,250
INC1119,2019-03-10,100
INC817,2019-04-10,500
INC514,2019-01-23,500
INC528,2019-01-16,500
INC1044,2019-05-07,100
mshYhhbOHGfr,2019-06-30,100
INC1222,2019-06-15,250
INC570,2019-02-22,500
INC676,2019-03-15,100
bl4RWfjpcxBR,2019-06-30,200
yRIRhvmGTDzb,2019-05-18,50
8Af2jZUWvTO3,2019-06-04,250
f78mZ6W3kloV,2019-06-30,250
MKc65tLzJabT,2019-03-03,100
j6RXYYMONdEF,2019-06-27,100
xMlXLDKFGaBb,2019-06-29,100
jL3vYI37AwwJ,2019-06-11,200
INC519,2019-02-05,250
ypu8QfhCIz5n,2019-03-25,500
INC714,2019-03-14,250
w4gHKJCdtLqU,2019-04-28,50
5nFoLGaUiKXL,2019-06-30,50
xAmb1vD3tuXv,2019-05-15,500
INC1155,2019-05-20,500
INC1344,2019-06-26,100
INC724,2019-03-14,100
vt6YMqMdz4LC,2019-04-27,150
9rbR8QPIHMOE,2019-05-20,150
INC951,2019-04-17,100
INC648,2019-03-04,100
INC1074,2019-05-07,100
INC1107,2019-05-08,500
nCTh1Bs5Teke,2019-05-01,100
M19SlesoIm7o,2019-06-30,100
ug2d15xXZ3SE,2019-06-25,201
INC750,2019-03-25,500
INC537,2019-01-23,250
EHsCiOSiFA4r,2019-04-26,250
INC691,2019-03-22,250
INC1018,2019-05-08,100
GQZfJvkdjWhh,2019-01-09,250
ucEe1EBhbTwX,2019-06-21,250
INC979,2019-04-26,500
INC525,2019-02-09,500
4DkxaliAMV6Q,2019-04-30,500
INC1158,2019-05-20,250
83zvX2CU49e7,2019-06-11,200
INC536,2019-01-23,500
fe2gawcpvInz,2019-05-27,500
INC497,2019-02-02,250
INC800,2019-04-12,500
INC1306,2019-06-29,50
INC1336,2019-06-26,100
le2seSVOus8B,2019-02-06,250
tvBOneem3AQa,2019-05-08,500
VvbSo4QKnLSk,2019-03-24,500
zi8YhnUNw48G,2019-06-18,50
vRGsqXpDa1Nc,2019-04-21,500
INC807,2019-03-28,250
INC782,2019-04-08,50
OZ1bUFDf2LfH,2019-04-29,200
5EIyy2dKdmgA,2019-03-25,100
9hhONtiNQ6OE,2019-05-16,100
INC732,2019-03-14,200
INC1108,2019-05-15,500
INC1269,2019-05-08,500
7NgD5JawmYTm,2019-06-20,150
INC619,2019-02-26,50
INC1151,2019-05-22,25
T5rXdQ8rNfOk,2019-06-20,500
INC637,2019-03-07,100
FLlVortNL9aG,2019-05-18,50
INC672,2019-03-13,100
QhIoGnwBtVOm,2019-04-21,100
WPZoNCutsSFl,2019-06-17,100
INC738,2019-03-14,250
INC1147,2019-05-20,500
maFgdwUYfpTY,2019-06-29,100
INC1326,2019-06-27,100
INC644,2019-03-08,250
ZLqI7qRlEtAD,2019-06-20,400
pa6H6CxQzcvV,2019-06-17,100
xp3lJ6kR9wJL,2019-06-06,50
INC1243,2019-05-28,500
hK4XlpisaahV,2019-06-20,100
IobrZs46hiEL,2019-06-17,100
INC1022,2019-05-09,500
INC692,2019-03-22,100
INC1309,2019-06-28,250
lKJg1pfLctew,2019-06-20,200
EHGAFTY83Pav,2019-05-08,500
INC936,2019-04-18,500
lI7BBulLLFRe,2019-06-19,100
kcfF8dtozR3x,2019-06-21,100
uh34QKoMWQfb,2019-06-03,500
bOjzdnarUx7X,2019-06-15,50
INC1148,2019-04-17,500
XwoTDyRBXI4Q,2019-06-30,250
INC935,2019-04-15,100
DsMOu6LfpCpX,2019-03-03,500
INC690,2019-03-22,100
INC742,2019-03-02,500
ycr6CRAQ64v1,2019-06-19,100
5ajcBDa6AoDw,2019-02-23,250
INC699,2019-03-14,250
INC772,2019-04-01,500
INC719,2019-03-14,250
INC1228,2019-06-15,100
INC1316,2019-06-29,100
tcpVOUw6hrzq,2019-03-02,100
INC811,2019-03-20,100
jPLxtOLduu2C,2019-05-31,500
tEXovwTi8tDY,2019-06-27,100
JjejhhFrrT8B,2019-03-26,20
NePe43gjezco,2019-06-26,100
aNPtwMtFKUGi,2019-05-17,100
3fQRY7IzYK2J,2019-04-26,250
2cZhrugDJYO3,2019-04-22,500
INC942,2019-04-17,25
PkgCfLUjlbIR,2019-04-15,100
INC576,2019-02-22,500
INC963,2019-04-17,100
eu1rEXr8K5Z6,2019-04-25,50
INC1323,2019-06-29,25
INC579,2019-02-22,500
INC693,2019-03-02,100
INC1300,2019-06-28,250
dJtQvC241YhV,2019-06-29,100
INC711,2019-03-02,100
INC670,2019-03-14,100
INC736,2019-03-02,100
9U75qUp2mjXu,2019-06-30,100
INC636,2019-03-07,100
Aa9aYpkvSSZl,2019-05-18,500
PsgsTExIh8tZ,2019-06-10,300
qMInMXu8ncWR,2019-06-19,100
fzm6U6cYTCeU,2019-05-31,150
Bjg9htihSfkb,2019-03-21,250
INC1067,2019-03-14,125
INC728,2019-03-14,100
twVBX8HPgKIg,2019-05-29,500
INC978,2019-04-25,25
INC716,2019-03-13,500
INC815,2019-03-28,500
INC1070,2019-04-12,250
h5TVszXhafOJ,2019-03-25,500
INC773,2019-04-05,100
l3EAgC6wbLjT,2019-06-17,100
INC947,2019-04-19,25
INC743,2019-03-13,500
INC527,2019-01-23,300
2swkpJhbcHAR,2019-05-16,50
ZzgpJBSCt5Bm,2019-06-27,100
CzCGmlwR63oc,2019-05-02,250
cPUR8bNMkri4,2019-06-25,500
INC1261,2019-06-19,500
ZMocsZD4JsLb,2019-06-30,100
INC578,2019-02-22,500
INC1212,2019-06-07,500
hOt1xvFjLb2a,2019-06-24,50
INC626,2019-03-02,300
3tHbaNPCoysy,2019-06-20,200
GDRrYdkvH8YF,2019-04-28,100
INC1039,2019-05-07,500
OWEQNWI6nZ65,2019-05-14,250
OQYdN5c33qwe,2019-05-16,100
INC1266,2019-06-21,250
gIeqtMCYBDX8,2019-03-26,100
NujD1lUT9FuE,2019-06-21,50
XLt1wEp3EbhZ,2019-03-22,100
INC1335,2019-06-29,250
evnnwLvySGah,2019-04-24,100
lUkVvCe2sDYS,2019-06-20,500
biPyck5usEjQ,2019-06-29,200
INC1322,2019-06-28,250
INC645,2019-03-07,500
INC674,2019-03-13,500
INC1016,2019-05-08,500
UMivxXYT9LHA,2019-06-30,100
INC1000,2019-05-03,100
INC1110,2019-05-02,500
rxiLHMbQigJg,2019-03-19,150
INC954,2019-04-18,250
INC786,2019-04-10,500
INC961,2019-04-17,250
INC520,2019-02-05,250
INC634,2019-03-10,500
INC1345,2019-06-26,100
VQaQrXA1UVgf,2019-03-20,500
XeTzq1dfWkiy,2019-03-21,27
G1QEb7COReKV,2019-03-01,20
srUMiuKC6Q1K,2019-04-28,99
INC1081,2019-05-08,250
thUgJjrDUbcc,2019-05-27,100
xSc7izGBBdq9,2019-06-20,100
YHOKuU2B741A,2019-05-26,150
yAgK5wrYZQt8,2019-06-10,100
aLCCbHhTpHgb,2019-03-05,100
INC1153,2019-04-15,500
INC649,2019-03-08,500
INC1035,2019-05-06,100
rzya44adKcQY,2019-02-22,50
INC757,2019-03-26,100
INC819,2019-03-06,500
OkhppFalu1pi,2019-02-08,500
8l4A8M8xy5rd,2019-05-16,125
rvFaKIZnrLvP,2019-03-25,500
INC534,2019-01-23,500
INC1302,2019-06-28,250
pbtli2y6hNJ8,2019-05-13,250
5XiQFalAoOJb,2019-05-23,500
INC962,2019-04-17,500
INC805,2019-04-14,250
SF2XBUWatQbP,2019-06-07,80
ZgIfJ8n4iFYk,2019-03-03,100
INC1031,2019-05-08,300
INC1348,2019-06-21,100
INC1020,2019-05-08,250
gSSj5niMdW3w,2019-06-20,200
bqdJXJ5dePjJ,2019-06-02,100
jNm7JaSUwLhl,2019-06-05,100
INC1341,2019-06-21,100
nZxxzvCSmUie,2019-04-29,20
INC1028,2019-05-08,250
INC1157,2019-05-23,500
INC1101,2019-05-04,100
INC1314,2019-06-29,100
jRb88nRmh2lh,2019-05-21,100
INC804,2019-04-14,250
3kmN1sgRMpBT,2019-06-30,100
NDRyq8dORSxe,2019-03-03,250
abKGUtI4vmHu,2019-06-27,100
INC1104,2019-05-08,100
INC677,2019-03-15,500
INC1011,2019-04-17,500
INC588,2019-02-27,500
qcBFywRPK7k8,2019-05-31,150
MheuR5Jt1Jta,2019-06-06,25
15UQqERHC6Vh,2019-06-28,50
lDsd5S8wZ4qW,2019-02-22,100
Ak7CqElfj9Md,2019-03-21,100
NcpkxhNhdhCe,2019-05-11,500
uIyehp8rCv5T,2019-06-29,300
UWhtspxnP2SO,2019-06-20,100
fE5wbmYZ7mnk,2019-06-04,100
FNPGTdFae3r7,2019-06-05,100
8JjlqB82vbut,2019-06-12,100
xZxSgZDNbITa,2019-05-30,100
INC1109,2019-05-15,500
jmr2DOe7eXis,2019-04-06,500
hPgDDgjgYgdY,2019-04-16,500
